Workbook

Sheet Nasıl Kullanılır
B1: Alerjen Kontrol Listesi: Nasıl Kullanılır
B2: Bu dosya, dükkandaki her malzemenin etiketini tek tek kontrol edip menüdeki her ürünün alerjen bilgisini OTOMATİK çıkarmak için hazırlandı. Sitedeki menü ve alerjen tablosu da bu verilerden üretilecek.
B4: ADIMLAR
B5: 1. Dükkana giderken dosyayı telefonda/tablette açın ya da "Malzemeler" sayfasını yazdırın (yatay A4).
B6: 2. Her malzemenin paketinde "İçindekiler" ve "Alerjen uyarısı" kısmını okuyun. Alerjenler genelde KALIN yazılır. Emin olamadığınız kelimeler için "Etiket Sözlüğü" sayfasına bakın.
B7: 3. "Malzemeler" sayfasında 14 alerjen sütununun HEPSİNE açılır listeden bir değer seçin. Hiçbir hücreyi boş bırakmayın, çünkü BOŞ = KONTROL EDİLMEDİ demek.
B8: • Var: İçindekiler listesinde geçiyor.
B9: • Eser: "içerebilir", "eser miktarda içerebilir" veya "aynı tesiste üretilmiştir" uyarısı var.
B10: • Yok: Ne içindekilerde ne de uyarıda geçiyor.
B11: 4. Etiketin fotoğrafını çekin ve "Etiket fotoğrafı" sütununa Evet yazın. Fotoğrafları "malzeme-adi_tarih.jpg" adıyla tek bir klasörde saklayın. Denetimde ya da müşteri şikâyetinde kanıt olur.
B12: 5. Etiketi olmayan (açık alınan) ürünler için tedarikçiden "ürün teknik şartnamesi / spesifikasyon" isteyin, e-postayla yazılı gelsin.
B13: 6. "Reçeteler" sayfasına her menü ürününün hangi malzemelerden oluştuğunu yazın (her malzeme bir satır). "Alerjen Matrisi" sayfası kendiliğinden dolar.
... B29: • Bitmiş alerjen listesini işletme sahibi veya mutfak sorumlusu onaylamalı ("Alerjen Matrisi" altındaki onay satırı).

Sheet Malzemeler
A1: Malzeme Alerjen Kontrolü
A2: Her malzeme için 14 sütunun hepsini doldurun: Var / Eser / Yok. Boş = kontrol edilmedi.
A4: Malzeme | B4: Kategori | C4: Marka / Tedarikçi | D4: Dikkat edilecek alerjenler (ipucu) | E4: Gluten | F4: Kabuklular | G4: Yumurta | H4: Balık | I4: Yer fıstığı | J4: Soya | K4: Süt | L4: Sert kabuklu | M4: Kereviz | N4: Hardal | O4: Susam | P4: Sülfit | Q4: Acı bakla | R4: Yumuşakçalar | S4: Durum | T4: Etiket fotoğrafı | U4: Kontrol tarihi | V4: Kontrol eden | W4: Not
A5: ÖRNEK: X Fırın brioche ekmek (silinebilir) | B5: Ekmek & kaplama | C5: X Fırın | D5: gluten, süt, yumurta, susam, soya | E5: Var | F5: Yok | G5: Var | H5: Yok | I5: Eser | J5: Eser | K5: Var | L5: Eser | M5: Yok | N5: Yok | O5: Var | P5: Yok | Q5: Yok | R5: Yok | S5: =IF($A5="","",IF(COUNTA(E5:R5)=14,"Tamam","Eksik: "&(14-COUNTA(E5:R5)))) | T5: Evet | U5: 22.09.2026 | V5: Ali Y. | W5: Etikette "yer fıstığı ve sert kabuklu içerebilir" yazıyor
A6: Burger ekmeği (brioche / susamlı) | B6: Ekmek & kaplama | D6: gluten, süt, yumurta, susam, soya | S6: =IF($A6="","",IF(COUNTA(E6:R6)=14,"Tamam","Eksik: "&(14-COUNTA(E6:R6))))
A7: Tortilla / lavaş | B7: Ekmek & kaplama | D7: gluten, soya, süt | S7: =IF($A7="","",IF(COUNTA(E7:R7)=14,"Tamam","Eksik: "&(14-COUNTA(E7:R7))))
A8: Kaplama unu / çıtır karışım | B8: Ekmek & kaplama | D8: gluten, süt, yumurta, soya, hardal, kereviz | S8: =IF($A8="","",IF(COUNTA(E8:R8)=14,"Tamam","Eksik: "&(14-COUNTA(E8:R8))))
A9: Panko / galeta unu | B9: Ekmek & kaplama | D9: gluten, soya, süt | S9: =IF($A9="","",IF(COUNTA(E9:R9)=14,"Tamam","Eksik: "&(14-COUNTA(E9:R9))))
A10: Sıvı kaplama / tempura karışımı | B10: Ekmek & kaplama | D10: gluten, yumurta, süt | S10: =IF($A10="","",IF(COUNTA(E10:R10)=14,"Tamam","Eksik: "&(14-COUNTA(E10:R10))))
A11: Tavuk göğsü (çiğ, sade) | B11: Tavuk | D11: genelde yok. Marine geliyorsa alttaki satıra bakın | S11: =IF($A11="","",IF(COUNTA(E11:R11)=14,"Tamam","Eksik: "&(14-COUNTA(E11:R11))))
A12: Tavuk but / marine tavuk | B12: Tavuk | D12: soya, süt, hardal, kereviz, sülfit, gluten | S12: =IF($A12="","",IF(COUNTA(E12:R12)=14,"Tamam","Eksik: "&(14-COUNTA(E12:R12))))
A13: Hazır nugget / strips / şinitzel | B13: Tavuk | D13: gluten, soya, süt, kereviz, yumurta | S13: =IF($A13="","",IF(COUNTA(E13:R13)=14,"Tamam","Eksik: "&(14-COUNTA(E13:R13))))
A14: Marinasyon baharat karışımı | B14: Tavuk | D14: kereviz, hardal, soya, süt, gluten | S14: =IF($A14="","",IF(COUNTA(E14:R14)=14,"Tamam","Eksik: "&(14-COUNTA(E14:R14))))
A15: Mayonez | B15: Sos | D15: yumurta, hardal | S15: =IF($A15="","",IF(COUNTA(E15:R15)=14,"Tamam","Eksik: "&(14-COUNTA(E15:R15))))
A16: Ketçap | B16: Sos | D16: kereviz, sülfit | S16: =IF($A16="","",IF(COUNTA(E16:R16)=14,"Tamam","Eksik: "&(14-COUNTA(E16:R16))))
A17: Hardal sos | B17: Sos | D17: hardal, sülfit | S17: =IF($A17="","",IF(COUNTA(E17:R17)=14,"Tamam","Eksik: "&(14-COUNTA(E17:R17))))
... A43: Hazır tatlı (sufle, cookie, cheesecake) | B43: Tatlı | D43: gluten, süt, yumurta, sert kabuklu, soya, yer fıstığı | S43: =IF($A43="","",IF(COUNTA(E43:R43)=14,"Tamam","Eksik: "&(14-COUNTA(E43:R43))))
S44: =IF($A44="","",IF(COUNTA(E44:R44)=14,"Tamam","Eksik: "&(14-COUNTA(E44:R44))))
S45: =IF($A45="","",IF(COUNTA(E45:R45)=14,"Tamam","Eksik: "&(14-COUNTA(E45:R45))))
S46: =IF($A46="","",IF(COUNTA(E46:R46)=14,"Tamam","Eksik: "&(14-COUNTA(E46:R46))))
S47: =IF($A47="","",IF(COUNTA(E47:R47)=14,"Tamam","Eksik: "&(14-COUNTA(E47:R47))))
S48: =IF($A48="","",IF(COUNTA(E48:R48)=14,"Tamam","Eksik: "&(14-COUNTA(E48:R48))))
S49: =IF($A49="","",IF(COUNTA(E49:R49)=14,"Tamam","Eksik: "&(14-COUNTA(E49:R49))))
S50: =IF($A50="","",IF(COUNTA(E50:R50)=14,"Tamam","Eksik: "&(14-COUNTA(E50:R50))))
S51: =IF($A51="","",IF(COUNTA(E51:R51)=14,"Tamam","Eksik: "&(14-COUNTA(E51:R51))))
S52: =IF($A52="","",IF(COUNTA(E52:R52)=14,"Tamam","Eksik: "&(14-COUNTA(E52:R52))))
S53: =IF($A53="","",IF(COUNTA(E53:R53)=14,"Tamam","Eksik: "&(14-COUNTA(E53:R53))))
S54: =IF($A54="","",IF(COUNTA(E54:R54)=14,"Tamam","Eksik: "&(14-COUNTA(E54:R54))))
S55: =IF($A55="","",IF(COUNTA(E55:R55)=14,"Tamam","Eksik: "&(14-COUNTA(E55:R55))))
... S100: =IF($A100="","",IF(COUNTA(E100:R100)=14,"Tamam","Eksik: "&(14-COUNTA(E100:R100))))

Sheet Reçeteler
A1: Ürün Reçeteleri
A2: Her satır = bir ürün + o ürünün bir malzemesi. Ürünü önce "Alerjen Matrisi" sayfasına, malzemeyi "Malzemeler" sayfasına ekleyin. Gri sütunlar otomatik.
A4: Ürün | B4: Malzeme | C4: Gluten | D4: Kabuklular | E4: Yumurta | F4: Balık | G4: Yer fıstığı | H4: Soya | I4: Süt | J4: Sert kabuklu | K4: Kereviz | L4: Hardal | M4: Susam | N4: Sülfit | O4: Acı bakla | P4: Yumuşakçalar
A5: Örnek: Klasik Tavuk Burger | B5: Burger ekmeği (brioche / susamlı) | C5: =IF($B5="","",IFERROR(IF(INDEX(Malzemeler!$E$5:$E$100,MATCH($B5,Malzemeler!$A$5:$A$100,0))="","Bilinmiyor",INDEX(Malzemeler!$E$5:$E$100,MATCH($B5,Malzemeler!$A$5:$A$100,0))),"Bilinmiyor")) | D5: =IF($B5="","",IFERROR(IF(INDEX(Malzemeler!$F$5:$F$100,MATCH($B5,Malzemeler!$A$5:$A$100,0))="","Bilinmiyor",INDEX(Malzemeler!$F$5:$F$100,MATCH($B5,Malzemeler!$A$5:$A$100,0))),"Bilinmiyor")) | E5: =IF($B5="","",IFERROR(IF(INDEX(Malzemeler!$G$5:$G$100,MATCH($B5,Malzemeler!$A$5:$A$100,0))="","Bilinmiyor",INDEX(Malzemeler!$G$5:$G$100,MATCH($B5,Malzemeler!$A$5:$A$100,0))),"Bilinmiyor")) | F5: =IF($B5="","",IFERROR(IF(INDEX(Malzemeler!$H$5:$H$100,MATCH($B5,Malzemeler!$A$5:$A$100,0))="","Bilinmiyor",INDEX(Malzemeler!$H$5:$H$100,MATCH($B5,Malzemeler!$A$5:$A$100,0))),"Bilinmiyor")) | G5: =IF($B5="","",IFERROR(IF(INDEX(Malzemeler!$I$5:$I$100,MATCH($B5,Malzemeler!$A$5:$A$100,0))="","Bilinmiyor",INDEX(Malzemeler!$I$5:$I$100,MATCH($B5,Malzemeler!$A$5:$A$100,0))),"Bilinmiyor")) | H5: =IF($B5="","",IFERROR(IF(INDEX(Malzemeler!$J$5:$J$100,MATCH($B5,Malzemeler!$A$5:$A$100,0))="","Bilinmiyor",INDEX(Malzemeler!$J$5:$J$100,MATCH($B5,Malzemeler!$A$5:$A$100,0))),"Bilinmiyor")) | I5: =IF($B5="","",IFERROR(IF(INDEX(Malzemeler!$K$5:$K$100,MATCH($B5,Malzemeler!$A$5:$A$100,0))="","Bilinmiyor",INDEX(Malzemeler!$K$5:$K$100,MATCH($B5,Malzemeler!$A$5:$A$100,0))),"Bilinmiyor")) | J5: =IF($B5="","",IFERROR(IF(INDEX(Malzemeler!$L$5:$L$100,MATCH($B5,Malzemeler!$A$5:$A$100,0))="","Bilinmiyor",INDEX(Malzemeler!$L$5:$L$100,MATCH($B5,Malzemeler!$A$5:$A$100,0))),"Bilinmiyor")) | K5: =IF($B5="","",IFERROR(IF(INDEX(Malzemeler!$M$5:$M$100,MATCH($B5,Malzemeler!$A$5:$A$100,0))="","Bilinmiyor",INDEX(Malzemeler!$M$5:$M$100,MATCH($B5,Malzemeler!$A$5:$A$100,0))),"Bilinmiyor")) | L5: =IF($B5="","",IFERROR(IF(INDEX(Malzemeler!$N$5:$N$100,MATCH($B5,Malzemeler!$A$5:$A$100,0))="","Bilinmiyor",INDEX(Malzemeler!$N$5:$N$100,MATCH($B5,Malzemeler!$A$5:$A$100,0))),"Bilinmiyor")) | M5: =IF($B5="","",IFERROR(IF(INDEX(Malzemeler!$O$5:$O$100,MATCH($B5,Malzemeler!$A$5:$A$100,0))="","Bilinmiyor",INDEX(Malzemeler!$O$5:$O$100,MATCH($B5,Malzemeler!$A$5:$A$100,0))),"Bilinmiyor")) | N5: =IF($B5="","",IFERROR(IF(INDEX(Malzemeler!$P$5:$P$100,MATCH($B5,Malzemeler!$A$5:$A$100,0))="","Bilinmiyor",INDEX(Malzemeler!$P$5:$P$100,MATCH($B5,Malzemeler!$A$5:$A$100,0))),"Bilinmiyor")) | O5: =IF($B5="","",IFERROR(IF(INDEX(Malzemeler!$Q$5:$Q$100,MATCH($B5,Malzemeler!$A$5:$A$100,0))="","Bilinmiyor",INDEX(Malzemeler!$Q$5:$Q$100,MATCH($B5,Malzemeler!$A$5:$A$100,0))),"Bilinmiyor")) | P5: =IF($B5="","",IFERROR(IF(INDEX(Malzemeler!$R$5:$R$100,MATCH($B5,Malzemeler!$A$5:$A$100,0))="","Bilinmiyor",INDEX(Malzemeler!$R$5:$R$100,MATCH($B5,Malzemeler!$A$5:$A$100,0))),"Bilinmiyor"))
A6: Örnek: Klasik Tavuk Burger | B6: Tavuk göğsü (çiğ, sade) | C6: =IF($B6="","",IFERROR(IF(INDEX(Malzemeler!$E$5:$E$100,MATCH($B6,Malzemeler!$A$5:$A$100,0))="","Bilinmiyor",INDEX(Malzemeler!$E$5:$E$100,MATCH($B6,Malzemeler!$A$5:$A$100,0))),"Bilinmiyor")) | D6: =IF($B6="","",IFERROR(IF(INDEX(Malzemeler!$F$5:$F$100,MATCH($B6,Malzemeler!$A$5:$A$100,0))="","Bilinmiyor",INDEX(Malzemeler!$F$5:$F$100,MATCH($B6,Malzemeler!$A$5:$A$100,0))),"Bilinmiyor")) | E6: =IF($B6="","",IFERROR(IF(INDEX(Malzemeler!$G$5:$G$100,MATCH($B6,Malzemeler!$A$5:$A$100,0))="","Bilinmiyor",INDEX(Malzemeler!$G$5:$G$100,MATCH($B6,Malzemeler!$A$5:$A$100,0))),"Bilinmiyor")) | F6: =IF($B6="","",IFERROR(IF(INDEX(Malzemeler!$H$5:$H$100,MATCH($B6,Malzemeler!$A$5:$A$100,0))="","Bilinmiyor",INDEX(Malzemeler!$H$5:$H$100,MATCH($B6,Malzemeler!$A$5:$A$100,0))),"Bilinmiyor")) | G6: =IF($B6="","",IFERROR(IF(INDEX(Malzemeler!$I$5:$I$100,MATCH($B6,Malzemeler!$A$5:$A$100,0))="","Bilinmiyor",INDEX(Malzemeler!$I$5:$I$100,MATCH($B6,Malzemeler!$A$5:$A$100,0))),"Bilinmiyor")) | H6: =IF($B6="","",IFERROR(IF(INDEX(Malzemeler!$J$5:$J$100,MATCH($B6,Malzemeler!$A$5:$A$100,0))="","Bilinmiyor",INDEX(Malzemeler!$J$5:$J$100,MATCH($B6,Malzemeler!$A$5:$A$100,0))),"Bilinmiyor")) | I6: =IF($B6="","",IFERROR(IF(INDEX(Malzemeler!$K$5:$K$100,MATCH($B6,Malzemeler!$A$5:$A$100,0))="","Bilinmiyor",INDEX(Malzemeler!$K$5:$K$100,MATCH($B6,Malzemeler!$A$5:$A$100,0))),"Bilinmiyor")) | J6: =IF($B6="","",IFERROR(IF(INDEX(Malzemeler!$L$5:$L$100,MATCH($B6,Malzemeler!$A$5:$A$100,0))="","Bilinmiyor",INDEX(Malzemeler!$L$5:$L$100,MATCH($B6,Malzemeler!$A$5:$A$100,0))),"Bilinmiyor")) | K6: =IF($B6="","",IFERROR(IF(INDEX(Malzemeler!$M$5:$M$100,MATCH($B6,Malzemeler!$A$5:$A$100,0))="","Bilinmiyor",INDEX(Malzemeler!$M$5:$M$100,MATCH($B6,Malzemeler!$A$5:$A$100,0))),"Bilinmiyor")) | L6: =IF($B6="","",IFERROR(IF(INDEX(Malzemeler!$N$5:$N$100,MATCH($B6,Malzemeler!$A$5:$A$100,0))="","Bilinmiyor",INDEX(Malzemeler!$N$5:$N$100,MATCH($B6,Malzemeler!$A$5:$A$100,0))),"Bilinmiyor")) | M6: =IF($B6="","",IFERROR(IF(INDEX(Malzemeler!$O$5:$O$100,MATCH($B6,Malzemeler!$A$5:$A$100,0))="","Bilinmiyor",INDEX(Malzemeler!$O$5:$O$100,MATCH($B6,Malzemeler!$A$5:$A$100,0))),"Bilinmiyor")) | N6: =IF($B6="","",IFERROR(IF(INDEX(Malzemeler!$P$5:$P$100,MATCH($B6,Malzemeler!$A$5:$A$100,0))="","Bilinmiyor",INDEX(Malzemeler!$P$5:$P$100,MATCH($B6,Malzemeler!$A$5:$A$100,0))),"Bilinmiyor")) | O6: =IF($B6="","",IFERROR(IF(INDEX(Malzemeler!$Q$5:$Q$100,MATCH($B6,Malzemeler!$A$5:$A$100,0))="","Bilinmiyor",INDEX(Malzemeler!$Q$5:$Q$100,MATCH($B6,Malzemeler!$A$5:$A$100,0))),"Bilinmiyor")) | P6: =IF($B6="","",IFERROR(IF(INDEX(Malzemeler!$R$5:$R$100,MATCH($B6,Malzemeler!$A$5:$A$100,0))="","Bilinmiyor",INDEX(Malzemeler!$R$5:$R$100,MATCH($B6,Malzemeler!$A$5:$A$100,0))),"Bilinmiyor"))
A7: Örnek: Klasik Tavuk Burger | B7: Kaplama unu / çıtır karışım | C7: =IF($B7="","",IFERROR(IF(INDEX(Malzemeler!$E$5:$E$100,MATCH($B7,Malzemeler!$A$5:$A$100,0))="","Bilinmiyor",INDEX(Malzemeler!$E$5:$E$100,MATCH($B7,Malzemeler!$A$5:$A$100,0))),"Bilinmiyor")) | D7: =IF($B7="","",IFERROR(IF(INDEX(Malzemeler!$F$5:$F$100,MATCH($B7,Malzemeler!$A$5:$A$100,0))="","Bilinmiyor",INDEX(Malzemeler!$F$5:$F$100,MATCH($B7,Malzemeler!$A$5:$A$100,0))),"Bilinmiyor")) | E7: =IF($B7="","",IFERROR(IF(INDEX(Malzemeler!$G$5:$G$100,MATCH($B7,Malzemeler!$A$5:$A$100,0))="","Bilinmiyor",INDEX(Malzemeler!$G$5:$G$100,MATCH($B7,Malzemeler!$A$5:$A$100,0))),"Bilinmiyor")) | F7: =IF($B7="","",IFERROR(IF(INDEX(Malzemeler!$H$5:$H$100,MATCH($B7,Malzemeler!$A$5:$A$100,0))="","Bilinmiyor",INDEX(Malzemeler!$H$5:$H$100,MATCH($B7,Malzemeler!$A$5:$A$100,0))),"Bilinmiyor")) | G7: =IF($B7="","",IFERROR(IF(INDEX(Malzemeler!$I$5:$I$100,MATCH($B7,Malzemeler!$A$5:$A$100,0))="","Bilinmiyor",INDEX(Malzemeler!$I$5:$I$100,MATCH($B7,Malzemeler!$A$5:$A$100,0))),"Bilinmiyor")) | H7: =IF($B7="","",IFERROR(IF(INDEX(Malzemeler!$J$5:$J$100,MATCH($B7,Malzemeler!$A$5:$A$100,0))="","Bilinmiyor",INDEX(Malzemeler!$J$5:$J$100,MATCH($B7,Malzemeler!$A$5:$A$100,0))),"Bilinmiyor")) | I7: =IF($B7="","",IFERROR(IF(INDEX(Malzemeler!$K$5:$K$100,MATCH($B7,Malzemeler!$A$5:$A$100,0))="","Bilinmiyor",INDEX(Malzemeler!$K$5:$K$100,MATCH($B7,Malzemeler!$A$5:$A$100,0))),"Bilinmiyor")) | J7: =IF($B7="","",IFERROR(IF(INDEX(Malzemeler!$L$5:$L$100,MATCH($B7,Malzemeler!$A$5:$A$100,0))="","Bilinmiyor",INDEX(Malzemeler!$L$5:$L$100,MATCH($B7,Malzemeler!$A$5:$A$100,0))),"Bilinmiyor")) | K7: =IF($B7="","",IFERROR(IF(INDEX(Malzemeler!$M$5:$M$100,MATCH($B7,Malzemeler!$A$5:$A$100,0))="","Bilinmiyor",INDEX(Malzemeler!$M$5:$M$100,MATCH($B7,Malzemeler!$A$5:$A$100,0))),"Bilinmiyor")) | L7: =IF($B7="","",IFERROR(IF(INDEX(Malzemeler!$N$5:$N$100,MATCH($B7,Malzemeler!$A$5:$A$100,0))="","Bilinmiyor",INDEX(Malzemeler!$N$5:$N$100,MATCH($B7,Malzemeler!$A$5:$A$100,0))),"Bilinmiyor")) | M7: =IF($B7="","",IFERROR(IF(INDEX(Malzemeler!$O$5:$O$100,MATCH($B7,Malzemeler!$A$5:$A$100,0))="","Bilinmiyor",INDEX(Malzemeler!$O$5:$O$100,MATCH($B7,Malzemeler!$A$5:$A$100,0))),"Bilinmiyor")) | N7: =IF($B7="","",IFERROR(IF(INDEX(Malzemeler!$P$5:$P$100,MATCH($B7,Malzemeler!$A$5:$A$100,0))="","Bilinmiyor",INDEX(Malzemeler!$P$5:$P$100,MATCH($B7,Malzemeler!$A$5:$A$100,0))),"Bilinmiyor")) | O7: =IF($B7="","",IFERROR(IF(INDEX(Malzemeler!$Q$5:$Q$100,MATCH($B7,Malzemeler!$A$5:$A$100,0))="","Bilinmiyor",INDEX(Malzemeler!$Q$5:$Q$100,MATCH($B7,Malzemeler!$A$5:$A$100,0))),"Bilinmiyor")) | P7: =IF($B7="","",IFERROR(IF(INDEX(Malzemeler!$R$5:$R$100,MATCH($B7,Malzemeler!$A$5:$A$100,0))="","Bilinmiyor",INDEX(Malzemeler!$R$5:$R$100,MATCH($B7,Malzemeler!$A$5:$A$100,0))),"Bilinmiyor"))
A8: Örnek: Klasik Tavuk Burger | B8: Mayonez | C8: =IF($B8="","",IFERROR(IF(INDEX(Malzemeler!$E$5:$E$100,MATCH($B8,Malzemeler!$A$5:$A$100,0))="","Bilinmiyor",INDEX(Malzemeler!$E$5:$E$100,MATCH($B8,Malzemeler!$A$5:$A$100,0))),"Bilinmiyor")) | D8: =IF($B8="","",IFERROR(IF(INDEX(Malzemeler!$F$5:$F$100,MATCH($B8,Malzemeler!$A$5:$A$100,0))="","Bilinmiyor",INDEX(Malzemeler!$F$5:$F$100,MATCH($B8,Malzemeler!$A$5:$A$100,0))),"Bilinmiyor")) | E8: =IF($B8="","",IFERROR(IF(INDEX(Malzemeler!$G$5:$G$100,MATCH($B8,Malzemeler!$A$5:$A$100,0))="","Bilinmiyor",INDEX(Malzemeler!$G$5:$G$100,MATCH($B8,Malzemeler!$A$5:$A$100,0))),"Bilinmiyor")) | F8: =IF($B8="","",IFERROR(IF(INDEX(Malzemeler!$H$5:$H$100,MATCH($B8,Malzemeler!$A$5:$A$100,0))="","Bilinmiyor",INDEX(Malzemeler!$H$5:$H$100,MATCH($B8,Malzemeler!$A$5:$A$100,0))),"Bilinmiyor")) | G8: =IF($B8="","",IFERROR(IF(INDEX(Malzemeler!$I$5:$I$100,MATCH($B8,Malzemeler!$A$5:$A$100,0))="","Bilinmiyor",INDEX(Malzemeler!$I$5:$I$100,MATCH($B8,Malzemeler!$A$5:$A$100,0))),"Bilinmiyor")) | H8: =IF($B8="","",IFERROR(IF(INDEX(Malzemeler!$J$5:$J$100,MATCH($B8,Malzemeler!$A$5:$A$100,0))="","Bilinmiyor",INDEX(Malzemeler!$J$5:$J$100,MATCH($B8,Malzemeler!$A$5:$A$100,0))),"Bilinmiyor")) | I8: =IF($B8="","",IFERROR(IF(INDEX(Malzemeler!$K$5:$K$100,MATCH($B8,Malzemeler!$A$5:$A$100,0))="","Bilinmiyor",INDEX(Malzemeler!$K$5:$K$100,MATCH($B8,Malzemeler!$A$5:$A$100,0))),"Bilinmiyor")) | J8: =IF($B8="","",IFERROR(IF(INDEX(Malzemeler!$L$5:$L$100,MATCH($B8,Malzemeler!$A$5:$A$100,0))="","Bilinmiyor",INDEX(Malzemeler!$L$5:$L$100,MATCH($B8,Malzemeler!$A$5:$A$100,0))),"Bilinmiyor")) | K8: =IF($B8="","",IFERROR(IF(INDEX(Malzemeler!$M$5:$M$100,MATCH($B8,Malzemeler!$A$5:$A$100,0))="","Bilinmiyor",INDEX(Malzemeler!$M$5:$M$100,MATCH($B8,Malzemeler!$A$5:$A$100,0))),"Bilinmiyor")) | L8: =IF($B8="","",IFERROR(IF(INDEX(Malzemeler!$N$5:$N$100,MATCH($B8,Malzemeler!$A$5:$A$100,0))="","Bilinmiyor",INDEX(Malzemeler!$N$5:$N$100,MATCH($B8,Malzemeler!$A$5:$A$100,0))),"Bilinmiyor")) | M8: =IF($B8="","",IFERROR(IF(INDEX(Malzemeler!$O$5:$O$100,MATCH($B8,Malzemeler!$A$5:$A$100,0))="","Bilinmiyor",INDEX(Malzemeler!$O$5:$O$100,MATCH($B8,Malzemeler!$A$5:$A$100,0))),"Bilinmiyor")) | N8: =IF($B8="","",IFERROR(IF(INDEX(Malzemeler!$P$5:$P$100,MATCH($B8,Malzemeler!$A$5:$A$100,0))="","Bilinmiyor",INDEX(Malzemeler!$P$5:$P$100,MATCH($B8,Malzemeler!$A$5:$A$100,0))),"Bilinmiyor")) | O8: =IF($B8="","",IFERROR(IF(INDEX(Malzemeler!$Q$5:$Q$100,MATCH($B8,Malzemeler!$A$5:$A$100,0))="","Bilinmiyor",INDEX(Malzemeler!$Q$5:$Q$100,MATCH($B8,Malzemeler!$A$5:$A$100,0))),"Bilinmiyor")) | P8: =IF($B8="","",IFERROR(IF(INDEX(Malzemeler!$R$5:$R$100,MATCH($B8,Malzemeler!$A$5:$A$100,0))="","Bilinmiyor",INDEX(Malzemeler!$R$5:$R$100,MATCH($B8,Malzemeler!$A$5:$A$100,0))),"Bilinmiyor"))
A9: Örnek: Klasik Tavuk Burger | B9: Salatalık turşusu | C9: =IF($B9="","",IFERROR(IF(INDEX(Malzemeler!$E$5:$E$100,MATCH($B9,Malzemeler!$A$5:$A$100,0))="","Bilinmiyor",INDEX(Malzemeler!$E$5:$E$100,MATCH($B9,Malzemeler!$A$5:$A$100,0))),"Bilinmiyor")) | D9: =IF($B9="","",IFERROR(IF(INDEX(Malzemeler!$F$5:$F$100,MATCH($B9,Malzemeler!$A$5:$A$100,0))="","Bilinmiyor",INDEX(Malzemeler!$F$5:$F$100,MATCH($B9,Malzemeler!$A$5:$A$100,0))),"Bilinmiyor")) | E9: =IF($B9="","",IFERROR(IF(INDEX(Malzemeler!$G$5:$G$100,MATCH($B9,Malzemeler!$A$5:$A$100,0))="","Bilinmiyor",INDEX(Malzemeler!$G$5:$G$100,MATCH($B9,Malzemeler!$A$5:$A$100,0))),"Bilinmiyor")) | F9: =IF($B9="","",IFERROR(IF(INDEX(Malzemeler!$H$5:$H$100,MATCH($B9,Malzemeler!$A$5:$A$100,0))="","Bilinmiyor",INDEX(Malzemeler!$H$5:$H$100,MATCH($B9,Malzemeler!$A$5:$A$100,0))),"Bilinmiyor")) | G9: =IF($B9="","",IFERROR(IF(INDEX(Malzemeler!$I$5:$I$100,MATCH($B9,Malzemeler!$A$5:$A$100,0))="","Bilinmiyor",INDEX(Malzemeler!$I$5:$I$100,MATCH($B9,Malzemeler!$A$5:$A$100,0))),"Bilinmiyor")) | H9: =IF($B9="","",IFERROR(IF(INDEX(Malzemeler!$J$5:$J$100,MATCH($B9,Malzemeler!$A$5:$A$100,0))="","Bilinmiyor",INDEX(Malzemeler!$J$5:$J$100,MATCH($B9,Malzemeler!$A$5:$A$100,0))),"Bilinmiyor")) | I9: =IF($B9="","",IFERROR(IF(INDEX(Malzemeler!$K$5:$K$100,MATCH($B9,Malzemeler!$A$5:$A$100,0))="","Bilinmiyor",INDEX(Malzemeler!$K$5:$K$100,MATCH($B9,Malzemeler!$A$5:$A$100,0))),"Bilinmiyor")) | J9: =IF($B9="","",IFERROR(IF(INDEX(Malzemeler!$L$5:$L$100,MATCH($B9,Malzemeler!$A$5:$A$100,0))="","Bilinmiyor",INDEX(Malzemeler!$L$5:$L$100,MATCH($B9,Malzemeler!$A$5:$A$100,0))),"Bilinmiyor")) | K9: =IF($B9="","",IFERROR(IF(INDEX(Malzemeler!$M$5:$M$100,MATCH($B9,Malzemeler!$A$5:$A$100,0))="","Bilinmiyor",INDEX(Malzemeler!$M$5:$M$100,MATCH($B9,Malzemeler!$A$5:$A$100,0))),"Bilinmiyor")) | L9: =IF($B9="","",IFERROR(IF(INDEX(Malzemeler!$N$5:$N$100,MATCH($B9,Malzemeler!$A$5:$A$100,0))="","Bilinmiyor",INDEX(Malzemeler!$N$5:$N$100,MATCH($B9,Malzemeler!$A$5:$A$100,0))),"Bilinmiyor")) | M9: =IF($B9="","",IFERROR(IF(INDEX(Malzemeler!$O$5:$O$100,MATCH($B9,Malzemeler!$A$5:$A$100,0))="","Bilinmiyor",INDEX(Malzemeler!$O$5:$O$100,MATCH($B9,Malzemeler!$A$5:$A$100,0))),"Bilinmiyor")) | N9: =IF($B9="","",IFERROR(IF(INDEX(Malzemeler!$P$5:$P$100,MATCH($B9,Malzemeler!$A$5:$A$100,0))="","Bilinmiyor",INDEX(Malzemeler!$P$5:$P$100,MATCH($B9,Malzemeler!$A$5:$A$100,0))),"Bilinmiyor")) | O9: =IF($B9="","",IFERROR(IF(INDEX(Malzemeler!$Q$5:$Q$100,MATCH($B9,Malzemeler!$A$5:$A$100,0))="","Bilinmiyor",INDEX(Malzemeler!$Q$5:$Q$100,MATCH($B9,Malzemeler!$A$5:$A$100,0))),"Bilinmiyor")) | P9: =IF($B9="","",IFERROR(IF(INDEX(Malzemeler!$R$5:$R$100,MATCH($B9,Malzemeler!$A$5:$A$100,0))="","Bilinmiyor",INDEX(Malzemeler!$R$5:$R$100,MATCH($B9,Malzemeler!$A$5:$A$100,0))),"Bilinmiyor"))
A10: Örnek: Klasik Tavuk Burger | B10: Marul | C10: =IF($B10="","",IFERROR(IF(INDEX(Malzemeler!$E$5:$E$100,MATCH($B10,Malzemeler!$A$5:$A$100,0))="","Bilinmiyor",INDEX(Malzemeler!$E$5:$E$100,MATCH($B10,Malzemeler!$A$5:$A$100,0))),"Bilinmiyor")) | D10: =IF($B10="","",IFERROR(IF(INDEX(Malzemeler!$F$5:$F$100,MATCH($B10,Malzemeler!$A$5:$A$100,0))="","Bilinmiyor",INDEX(Malzemeler!$F$5:$F$100,MATCH($B10,Malzemeler!$A$5:$A$100,0))),"Bilinmiyor")) | E10: =IF($B10="","",IFERROR(IF(INDEX(Malzemeler!$G$5:$G$100,MATCH($B10,Malzemeler!$A$5:$A$100,0))="","Bilinmiyor",INDEX(Malzemeler!$G$5:$G$100,MATCH($B10,Malzemeler!$A$5:$A$100,0))),"Bilinmiyor")) | F10: =IF($B10="","",IFERROR(IF(INDEX(Malzemeler!$H$5:$H$100,MATCH($B10,Malzemeler!$A$5:$A$100,0))="","Bilinmiyor",INDEX(Malzemeler!$H$5:$H$100,MATCH($B10,Malzemeler!$A$5:$A$100,0))),"Bilinmiyor")) | G10: =IF($B10="","",IFERROR(IF(INDEX(Malzemeler!$I$5:$I$100,MATCH($B10,Malzemeler!$A$5:$A$100,0))="","Bilinmiyor",INDEX(Malzemeler!$I$5:$I$100,MATCH($B10,Malzemeler!$A$5:$A$100,0))),"Bilinmiyor")) | H10: =IF($B10="","",IFERROR(IF(INDEX(Malzemeler!$J$5:$J$100,MATCH($B10,Malzemeler!$A$5:$A$100,0))="","Bilinmiyor",INDEX(Malzemeler!$J$5:$J$100,MATCH($B10,Malzemeler!$A$5:$A$100,0))),"Bilinmiyor")) | I10: =IF($B10="","",IFERROR(IF(INDEX(Malzemeler!$K$5:$K$100,MATCH($B10,Malzemeler!$A$5:$A$100,0))="","Bilinmiyor",INDEX(Malzemeler!$K$5:$K$100,MATCH($B10,Malzemeler!$A$5:$A$100,0))),"Bilinmiyor")) | J10: =IF($B10="","",IFERROR(IF(INDEX(Malzemeler!$L$5:$L$100,MATCH($B10,Malzemeler!$A$5:$A$100,0))="","Bilinmiyor",INDEX(Malzemeler!$L$5:$L$100,MATCH($B10,Malzemeler!$A$5:$A$100,0))),"Bilinmiyor")) | K10: =IF($B10="","",IFERROR(IF(INDEX(Malzemeler!$M$5:$M$100,MATCH($B10,Malzemeler!$A$5:$A$100,0))="","Bilinmiyor",INDEX(Malzemeler!$M$5:$M$100,MATCH($B10,Malzemeler!$A$5:$A$100,0))),"Bilinmiyor")) | L10: =IF($B10="","",IFERROR(IF(INDEX(Malzemeler!$N$5:$N$100,MATCH($B10,Malzemeler!$A$5:$A$100,0))="","Bilinmiyor",INDEX(Malzemeler!$N$5:$N$100,MATCH($B10,Malzemeler!$A$5:$A$100,0))),"Bilinmiyor")) | M10: =IF($B10="","",IFERROR(IF(INDEX(Malzemeler!$O$5:$O$100,MATCH($B10,Malzemeler!$A$5:$A$100,0))="","Bilinmiyor",INDEX(Malzemeler!$O$5:$O$100,MATCH($B10,Malzemeler!$A$5:$A$100,0))),"Bilinmiyor")) | N10: =IF($B10="","",IFERROR(IF(INDEX(Malzemeler!$P$5:$P$100,MATCH($B10,Malzemeler!$A$5:$A$100,0))="","Bilinmiyor",INDEX(Malzemeler!$P$5:$P$100,MATCH($B10,Malzemeler!$A$5:$A$100,0))),"Bilinmiyor")) | O10: =IF($B10="","",IFERROR(IF(INDEX(Malzemeler!$Q$5:$Q$100,MATCH($B10,Malzemeler!$A$5:$A$100,0))="","Bilinmiyor",INDEX(Malzemeler!$Q$5:$Q$100,MATCH($B10,Malzemeler!$A$5:$A$100,0))),"Bilinmiyor")) | P10: =IF($B10="","",IFERROR(IF(INDEX(Malzemeler!$R$5:$R$100,MATCH($B10,Malzemeler!$A$5:$A$100,0))="","Bilinmiyor",INDEX(Malzemeler!$R$5:$R$100,MATCH($B10,Malzemeler!$A$5:$A$100,0))),"Bilinmiyor"))
A11: Örnek: Klasik Tavuk Burger | B11: Domates | C11: =IF($B11="","",IFERROR(IF(INDEX(Malzemeler!$E$5:$E$100,MATCH($B11,Malzemeler!$A$5:$A$100,0))="","Bilinmiyor",INDEX(Malzemeler!$E$5:$E$100,MATCH($B11,Malzemeler!$A$5:$A$100,0))),"Bilinmiyor")) | D11: =IF($B11="","",IFERROR(IF(INDEX(Malzemeler!$F$5:$F$100,MATCH($B11,Malzemeler!$A$5:$A$100,0))="","Bilinmiyor",INDEX(Malzemeler!$F$5:$F$100,MATCH($B11,Malzemeler!$A$5:$A$100,0))),"Bilinmiyor")) | E11: =IF($B11="","",IFERROR(IF(INDEX(Malzemeler!$G$5:$G$100,MATCH($B11,Malzemeler!$A$5:$A$100,0))="","Bilinmiyor",INDEX(Malzemeler!$G$5:$G$100,MATCH($B11,Malzemeler!$A$5:$A$100,0))),"Bilinmiyor")) | F11: =IF($B11="","",IFERROR(IF(INDEX(Malzemeler!$H$5:$H$100,MATCH($B11,Malzemeler!$A$5:$A$100,0))="","Bilinmiyor",INDEX(Malzemeler!$H$5:$H$100,MATCH($B11,Malzemeler!$A$5:$A$100,0))),"Bilinmiyor")) | G11: =IF($B11="","",IFERROR(IF(INDEX(Malzemeler!$I$5:$I$100,MATCH($B11,Malzemeler!$A$5:$A$100,0))="","Bilinmiyor",INDEX(Malzemeler!$I$5:$I$100,MATCH($B11,Malzemeler!$A$5:$A$100,0))),"Bilinmiyor")) | H11: =IF($B11="","",IFERROR(IF(INDEX(Malzemeler!$J$5:$J$100,MATCH($B11,Malzemeler!$A$5:$A$100,0))="","Bilinmiyor",INDEX(Malzemeler!$J$5:$J$100,MATCH($B11,Malzemeler!$A$5:$A$100,0))),"Bilinmiyor")) | I11: =IF($B11="","",IFERROR(IF(INDEX(Malzemeler!$K$5:$K$100,MATCH($B11,Malzemeler!$A$5:$A$100,0))="","Bilinmiyor",INDEX(Malzemeler!$K$5:$K$100,MATCH($B11,Malzemeler!$A$5:$A$100,0))),"Bilinmiyor")) | J11: =IF($B11="","",IFERROR(IF(INDEX(Malzemeler!$L$5:$L$100,MATCH($B11,Malzemeler!$A$5:$A$100,0))="","Bilinmiyor",INDEX(Malzemeler!$L$5:$L$100,MATCH($B11,Malzemeler!$A$5:$A$100,0))),"Bilinmiyor")) | K11: =IF($B11="","",IFERROR(IF(INDEX(Malzemeler!$M$5:$M$100,MATCH($B11,Malzemeler!$A$5:$A$100,0))="","Bilinmiyor",INDEX(Malzemeler!$M$5:$M$100,MATCH($B11,Malzemeler!$A$5:$A$100,0))),"Bilinmiyor")) | L11: =IF($B11="","",IFERROR(IF(INDEX(Malzemeler!$N$5:$N$100,MATCH($B11,Malzemeler!$A$5:$A$100,0))="","Bilinmiyor",INDEX(Malzemeler!$N$5:$N$100,MATCH($B11,Malzemeler!$A$5:$A$100,0))),"Bilinmiyor")) | M11: =IF($B11="","",IFERROR(IF(INDEX(Malzemeler!$O$5:$O$100,MATCH($B11,Malzemeler!$A$5:$A$100,0))="","Bilinmiyor",INDEX(Malzemeler!$O$5:$O$100,MATCH($B11,Malzemeler!$A$5:$A$100,0))),"Bilinmiyor")) | N11: =IF($B11="","",IFERROR(IF(INDEX(Malzemeler!$P$5:$P$100,MATCH($B11,Malzemeler!$A$5:$A$100,0))="","Bilinmiyor",INDEX(Malzemeler!$P$5:$P$100,MATCH($B11,Malzemeler!$A$5:$A$100,0))),"Bilinmiyor")) | O11: =IF($B11="","",IFERROR(IF(INDEX(Malzemeler!$Q$5:$Q$100,MATCH($B11,Malzemeler!$A$5:$A$100,0))="","Bilinmiyor",INDEX(Malzemeler!$Q$5:$Q$100,MATCH($B11,Malzemeler!$A$5:$A$100,0))),"Bilinmiyor")) | P11: =IF($B11="","",IFERROR(IF(INDEX(Malzemeler!$R$5:$R$100,MATCH($B11,Malzemeler!$A$5:$A$100,0))="","Bilinmiyor",INDEX(Malzemeler!$R$5:$R$100,MATCH($B11,Malzemeler!$A$5:$A$100,0))),"Bilinmiyor"))
A12: Örnek: Klasik Tavuk Burger | B12: Cheddar dilim peynir | C12: =IF($B12="","",IFERROR(IF(INDEX(Malzemeler!$E$5:$E$100,MATCH($B12,Malzemeler!$A$5:$A$100,0))="","Bilinmiyor",INDEX(Malzemeler!$E$5:$E$100,MATCH($B12,Malzemeler!$A$5:$A$100,0))),"Bilinmiyor")) | D12: =IF($B12="","",IFERROR(IF(INDEX(Malzemeler!$F$5:$F$100,MATCH($B12,Malzemeler!$A$5:$A$100,0))="","Bilinmiyor",INDEX(Malzemeler!$F$5:$F$100,MATCH($B12,Malzemeler!$A$5:$A$100,0))),"Bilinmiyor")) | E12: =IF($B12="","",IFERROR(IF(INDEX(Malzemeler!$G$5:$G$100,MATCH($B12,Malzemeler!$A$5:$A$100,0))="","Bilinmiyor",INDEX(Malzemeler!$G$5:$G$100,MATCH($B12,Malzemeler!$A$5:$A$100,0))),"Bilinmiyor")) | F12: =IF($B12="","",IFERROR(IF(INDEX(Malzemeler!$H$5:$H$100,MATCH($B12,Malzemeler!$A$5:$A$100,0))="","Bilinmiyor",INDEX(Malzemeler!$H$5:$H$100,MATCH($B12,Malzemeler!$A$5:$A$100,0))),"Bilinmiyor")) | G12: =IF($B12="","",IFERROR(IF(INDEX(Malzemeler!$I$5:$I$100,MATCH($B12,Malzemeler!$A$5:$A$100,0))="","Bilinmiyor",INDEX(Malzemeler!$I$5:$I$100,MATCH($B12,Malzemeler!$A$5:$A$100,0))),"Bilinmiyor")) | H12: =IF($B12="","",IFERROR(IF(INDEX(Malzemeler!$J$5:$J$100,MATCH($B12,Malzemeler!$A$5:$A$100,0))="","Bilinmiyor",INDEX(Malzemeler!$J$5:$J$100,MATCH($B12,Malzemeler!$A$5:$A$100,0))),"Bilinmiyor")) | I12: =IF($B12="","",IFERROR(IF(INDEX(Malzemeler!$K$5:$K$100,MATCH($B12,Malzemeler!$A$5:$A$100,0))="","Bilinmiyor",INDEX(Malzemeler!$K$5:$K$100,MATCH($B12,Malzemeler!$A$5:$A$100,0))),"Bilinmiyor")) | J12: =IF($B12="","",IFERROR(IF(INDEX(Malzemeler!$L$5:$L$100,MATCH($B12,Malzemeler!$A$5:$A$100,0))="","Bilinmiyor",INDEX(Malzemeler!$L$5:$L$100,MATCH($B12,Malzemeler!$A$5:$A$100,0))),"Bilinmiyor")) | K12: =IF($B12="","",IFERROR(IF(INDEX(Malzemeler!$M$5:$M$100,MATCH($B12,Malzemeler!$A$5:$A$100,0))="","Bilinmiyor",INDEX(Malzemeler!$M$5:$M$100,MATCH($B12,Malzemeler!$A$5:$A$100,0))),"Bilinmiyor")) | L12: =IF($B12="","",IFERROR(IF(INDEX(Malzemeler!$N$5:$N$100,MATCH($B12,Malzemeler!$A$5:$A$100,0))="","Bilinmiyor",INDEX(Malzemeler!$N$5:$N$100,MATCH($B12,Malzemeler!$A$5:$A$100,0))),"Bilinmiyor")) | M12: =IF($B12="","",IFERROR(IF(INDEX(Malzemeler!$O$5:$O$100,MATCH($B12,Malzemeler!$A$5:$A$100,0))="","Bilinmiyor",INDEX(Malzemeler!$O$5:$O$100,MATCH($B12,Malzemeler!$A$5:$A$100,0))),"Bilinmiyor")) | N12: =IF($B12="","",IFERROR(IF(INDEX(Malzemeler!$P$5:$P$100,MATCH($B12,Malzemeler!$A$5:$A$100,0))="","Bilinmiyor",INDEX(Malzemeler!$P$5:$P$100,MATCH($B12,Malzemeler!$A$5:$A$100,0))),"Bilinmiyor")) | O12: =IF($B12="","",IFERROR(IF(INDEX(Malzemeler!$Q$5:$Q$100,MATCH($B12,Malzemeler!$A$5:$A$100,0))="","Bilinmiyor",INDEX(Malzemeler!$Q$5:$Q$100,MATCH($B12,Malzemeler!$A$5:$A$100,0))),"Bilinmiyor")) | P12: =IF($B12="","",IFERROR(IF(INDEX(Malzemeler!$R$5:$R$100,MATCH($B12,Malzemeler!$A$5:$A$100,0))="","Bilinmiyor",INDEX(Malzemeler!$R$5:$R$100,MATCH($B12,Malzemeler!$A$5:$A$100,0))),"Bilinmiyor"))
A13: Örnek: Klasik Tavuk Burger | B13: Kızartma yağı | C13: =IF($B13="","",IFERROR(IF(INDEX(Malzemeler!$E$5:$E$100,MATCH($B13,Malzemeler!$A$5:$A$100,0))="","Bilinmiyor",INDEX(Malzemeler!$E$5:$E$100,MATCH($B13,Malzemeler!$A$5:$A$100,0))),"Bilinmiyor")) | D13: =IF($B13="","",IFERROR(IF(INDEX(Malzemeler!$F$5:$F$100,MATCH($B13,Malzemeler!$A$5:$A$100,0))="","Bilinmiyor",INDEX(Malzemeler!$F$5:$F$100,MATCH($B13,Malzemeler!$A$5:$A$100,0))),"Bilinmiyor")) | E13: =IF($B13="","",IFERROR(IF(INDEX(Malzemeler!$G$5:$G$100,MATCH($B13,Malzemeler!$A$5:$A$100,0))="","Bilinmiyor",INDEX(Malzemeler!$G$5:$G$100,MATCH($B13,Malzemeler!$A$5:$A$100,0))),"Bilinmiyor")) | F13: =IF($B13="","",IFERROR(IF(INDEX(Malzemeler!$H$5:$H$100,MATCH($B13,Malzemeler!$A$5:$A$100,0))="","Bilinmiyor",INDEX(Malzemeler!$H$5:$H$100,MATCH($B13,Malzemeler!$A$5:$A$100,0))),"Bilinmiyor")) | G13: =IF($B13="","",IFERROR(IF(INDEX(Malzemeler!$I$5:$I$100,MATCH($B13,Malzemeler!$A$5:$A$100,0))="","Bilinmiyor",INDEX(Malzemeler!$I$5:$I$100,MATCH($B13,Malzemeler!$A$5:$A$100,0))),"Bilinmiyor")) | H13: =IF($B13="","",IFERROR(IF(INDEX(Malzemeler!$J$5:$J$100,MATCH($B13,Malzemeler!$A$5:$A$100,0))="","Bilinmiyor",INDEX(Malzemeler!$J$5:$J$100,MATCH($B13,Malzemeler!$A$5:$A$100,0))),"Bilinmiyor")) | I13: =IF($B13="","",IFERROR(IF(INDEX(Malzemeler!$K$5:$K$100,MATCH($B13,Malzemeler!$A$5:$A$100,0))="","Bilinmiyor",INDEX(Malzemeler!$K$5:$K$100,MATCH($B13,Malzemeler!$A$5:$A$100,0))),"Bilinmiyor")) | J13: =IF($B13="","",IFERROR(IF(INDEX(Malzemeler!$L$5:$L$100,MATCH($B13,Malzemeler!$A$5:$A$100,0))="","Bilinmiyor",INDEX(Malzemeler!$L$5:$L$100,MATCH($B13,Malzemeler!$A$5:$A$100,0))),"Bilinmiyor")) | K13: =IF($B13="","",IFERROR(IF(INDEX(Malzemeler!$M$5:$M$100,MATCH($B13,Malzemeler!$A$5:$A$100,0))="","Bilinmiyor",INDEX(Malzemeler!$M$5:$M$100,MATCH($B13,Malzemeler!$A$5:$A$100,0))),"Bilinmiyor")) | L13: =IF($B13="","",IFERROR(IF(INDEX(Malzemeler!$N$5:$N$100,MATCH($B13,Malzemeler!$A$5:$A$100,0))="","Bilinmiyor",INDEX(Malzemeler!$N$5:$N$100,MATCH($B13,Malzemeler!$A$5:$A$100,0))),"Bilinmiyor")) | M13: =IF($B13="","",IFERROR(IF(INDEX(Malzemeler!$O$5:$O$100,MATCH($B13,Malzemeler!$A$5:$A$100,0))="","Bilinmiyor",INDEX(Malzemeler!$O$5:$O$100,MATCH($B13,Malzemeler!$A$5:$A$100,0))),"Bilinmiyor")) | N13: =IF($B13="","",IFERROR(IF(INDEX(Malzemeler!$P$5:$P$100,MATCH($B13,Malzemeler!$A$5:$A$100,0))="","Bilinmiyor",INDEX(Malzemeler!$P$5:$P$100,MATCH($B13,Malzemeler!$A$5:$A$100,0))),"Bilinmiyor")) | O13: =IF($B13="","",IFERROR(IF(INDEX(Malzemeler!$Q$5:$Q$100,MATCH($B13,Malzemeler!$A$5:$A$100,0))="","Bilinmiyor",INDEX(Malzemeler!$Q$5:$Q$100,MATCH($B13,Malzemeler!$A$5:$A$100,0))),"Bilinmiyor")) | P13: =IF($B13="","",IFERROR(IF(INDEX(Malzemeler!$R$5:$R$100,MATCH($B13,Malzemeler!$A$5:$A$100,0))="","Bilinmiyor",INDEX(Malzemeler!$R$5:$R$100,MATCH($B13,Malzemeler!$A$5:$A$100,0))),"Bilinmiyor"))
A14: Örnek: Nugget (6'lı) | B14: Hazır nugget / strips / şinitzel | C14: =IF($B14="","",IFERROR(IF(INDEX(Malzemeler!$E$5:$E$100,MATCH($B14,Malzemeler!$A$5:$A$100,0))="","Bilinmiyor",INDEX(Malzemeler!$E$5:$E$100,MATCH($B14,Malzemeler!$A$5:$A$100,0))),"Bilinmiyor")) | D14: =IF($B14="","",IFERROR(IF(INDEX(Malzemeler!$F$5:$F$100,MATCH($B14,Malzemeler!$A$5:$A$100,0))="","Bilinmiyor",INDEX(Malzemeler!$F$5:$F$100,MATCH($B14,Malzemeler!$A$5:$A$100,0))),"Bilinmiyor")) | E14: =IF($B14="","",IFERROR(IF(INDEX(Malzemeler!$G$5:$G$100,MATCH($B14,Malzemeler!$A$5:$A$100,0))="","Bilinmiyor",INDEX(Malzemeler!$G$5:$G$100,MATCH($B14,Malzemeler!$A$5:$A$100,0))),"Bilinmiyor")) | F14: =IF($B14="","",IFERROR(IF(INDEX(Malzemeler!$H$5:$H$100,MATCH($B14,Malzemeler!$A$5:$A$100,0))="","Bilinmiyor",INDEX(Malzemeler!$H$5:$H$100,MATCH($B14,Malzemeler!$A$5:$A$100,0))),"Bilinmiyor")) | G14: =IF($B14="","",IFERROR(IF(INDEX(Malzemeler!$I$5:$I$100,MATCH($B14,Malzemeler!$A$5:$A$100,0))="","Bilinmiyor",INDEX(Malzemeler!$I$5:$I$100,MATCH($B14,Malzemeler!$A$5:$A$100,0))),"Bilinmiyor")) | H14: =IF($B14="","",IFERROR(IF(INDEX(Malzemeler!$J$5:$J$100,MATCH($B14,Malzemeler!$A$5:$A$100,0))="","Bilinmiyor",INDEX(Malzemeler!$J$5:$J$100,MATCH($B14,Malzemeler!$A$5:$A$100,0))),"Bilinmiyor")) | I14: =IF($B14="","",IFERROR(IF(INDEX(Malzemeler!$K$5:$K$100,MATCH($B14,Malzemeler!$A$5:$A$100,0))="","Bilinmiyor",INDEX(Malzemeler!$K$5:$K$100,MATCH($B14,Malzemeler!$A$5:$A$100,0))),"Bilinmiyor")) | J14: =IF($B14="","",IFERROR(IF(INDEX(Malzemeler!$L$5:$L$100,MATCH($B14,Malzemeler!$A$5:$A$100,0))="","Bilinmiyor",INDEX(Malzemeler!$L$5:$L$100,MATCH($B14,Malzemeler!$A$5:$A$100,0))),"Bilinmiyor")) | K14: =IF($B14="","",IFERROR(IF(INDEX(Malzemeler!$M$5:$M$100,MATCH($B14,Malzemeler!$A$5:$A$100,0))="","Bilinmiyor",INDEX(Malzemeler!$M$5:$M$100,MATCH($B14,Malzemeler!$A$5:$A$100,0))),"Bilinmiyor")) | L14: =IF($B14="","",IFERROR(IF(INDEX(Malzemeler!$N$5:$N$100,MATCH($B14,Malzemeler!$A$5:$A$100,0))="","Bilinmiyor",INDEX(Malzemeler!$N$5:$N$100,MATCH($B14,Malzemeler!$A$5:$A$100,0))),"Bilinmiyor")) | M14: =IF($B14="","",IFERROR(IF(INDEX(Malzemeler!$O$5:$O$100,MATCH($B14,Malzemeler!$A$5:$A$100,0))="","Bilinmiyor",INDEX(Malzemeler!$O$5:$O$100,MATCH($B14,Malzemeler!$A$5:$A$100,0))),"Bilinmiyor")) | N14: =IF($B14="","",IFERROR(IF(INDEX(Malzemeler!$P$5:$P$100,MATCH($B14,Malzemeler!$A$5:$A$100,0))="","Bilinmiyor",INDEX(Malzemeler!$P$5:$P$100,MATCH($B14,Malzemeler!$A$5:$A$100,0))),"Bilinmiyor")) | O14: =IF($B14="","",IFERROR(IF(INDEX(Malzemeler!$Q$5:$Q$100,MATCH($B14,Malzemeler!$A$5:$A$100,0))="","Bilinmiyor",INDEX(Malzemeler!$Q$5:$Q$100,MATCH($B14,Malzemeler!$A$5:$A$100,0))),"Bilinmiyor")) | P14: =IF($B14="","",IFERROR(IF(INDEX(Malzemeler!$R$5:$R$100,MATCH($B14,Malzemeler!$A$5:$A$100,0))="","Bilinmiyor",INDEX(Malzemeler!$R$5:$R$100,MATCH($B14,Malzemeler!$A$5:$A$100,0))),"Bilinmiyor"))
A15: Örnek: Nugget (6'lı) | B15: Kızartma yağı | C15: =IF($B15="","",IFERROR(IF(INDEX(Malzemeler!$E$5:$E$100,MATCH($B15,Malzemeler!$A$5:$A$100,0))="","Bilinmiyor",INDEX(Malzemeler!$E$5:$E$100,MATCH($B15,Malzemeler!$A$5:$A$100,0))),"Bilinmiyor")) | D15: =IF($B15="","",IFERROR(IF(INDEX(Malzemeler!$F$5:$F$100,MATCH($B15,Malzemeler!$A$5:$A$100,0))="","Bilinmiyor",INDEX(Malzemeler!$F$5:$F$100,MATCH($B15,Malzemeler!$A$5:$A$100,0))),"Bilinmiyor")) | E15: =IF($B15="","",IFERROR(IF(INDEX(Malzemeler!$G$5:$G$100,MATCH($B15,Malzemeler!$A$5:$A$100,0))="","Bilinmiyor",INDEX(Malzemeler!$G$5:$G$100,MATCH($B15,Malzemeler!$A$5:$A$100,0))),"Bilinmiyor")) | F15: =IF($B15="","",IFERROR(IF(INDEX(Malzemeler!$H$5:$H$100,MATCH($B15,Malzemeler!$A$5:$A$100,0))="","Bilinmiyor",INDEX(Malzemeler!$H$5:$H$100,MATCH($B15,Malzemeler!$A$5:$A$100,0))),"Bilinmiyor")) | G15: =IF($B15="","",IFERROR(IF(INDEX(Malzemeler!$I$5:$I$100,MATCH($B15,Malzemeler!$A$5:$A$100,0))="","Bilinmiyor",INDEX(Malzemeler!$I$5:$I$100,MATCH($B15,Malzemeler!$A$5:$A$100,0))),"Bilinmiyor")) | H15: =IF($B15="","",IFERROR(IF(INDEX(Malzemeler!$J$5:$J$100,MATCH($B15,Malzemeler!$A$5:$A$100,0))="","Bilinmiyor",INDEX(Malzemeler!$J$5:$J$100,MATCH($B15,Malzemeler!$A$5:$A$100,0))),"Bilinmiyor")) | I15: =IF($B15="","",IFERROR(IF(INDEX(Malzemeler!$K$5:$K$100,MATCH($B15,Malzemeler!$A$5:$A$100,0))="","Bilinmiyor",INDEX(Malzemeler!$K$5:$K$100,MATCH($B15,Malzemeler!$A$5:$A$100,0))),"Bilinmiyor")) | J15: =IF($B15="","",IFERROR(IF(INDEX(Malzemeler!$L$5:$L$100,MATCH($B15,Malzemeler!$A$5:$A$100,0))="","Bilinmiyor",INDEX(Malzemeler!$L$5:$L$100,MATCH($B15,Malzemeler!$A$5:$A$100,0))),"Bilinmiyor")) | K15: =IF($B15="","",IFERROR(IF(INDEX(Malzemeler!$M$5:$M$100,MATCH($B15,Malzemeler!$A$5:$A$100,0))="","Bilinmiyor",INDEX(Malzemeler!$M$5:$M$100,MATCH($B15,Malzemeler!$A$5:$A$100,0))),"Bilinmiyor")) | L15: =IF($B15="","",IFERROR(IF(INDEX(Malzemeler!$N$5:$N$100,MATCH($B15,Malzemeler!$A$5:$A$100,0))="","Bilinmiyor",INDEX(Malzemeler!$N$5:$N$100,MATCH($B15,Malzemeler!$A$5:$A$100,0))),"Bilinmiyor")) | M15: =IF($B15="","",IFERROR(IF(INDEX(Malzemeler!$O$5:$O$100,MATCH($B15,Malzemeler!$A$5:$A$100,0))="","Bilinmiyor",INDEX(Malzemeler!$O$5:$O$100,MATCH($B15,Malzemeler!$A$5:$A$100,0))),"Bilinmiyor")) | N15: =IF($B15="","",IFERROR(IF(INDEX(Malzemeler!$P$5:$P$100,MATCH($B15,Malzemeler!$A$5:$A$100,0))="","Bilinmiyor",INDEX(Malzemeler!$P$5:$P$100,MATCH($B15,Malzemeler!$A$5:$A$100,0))),"Bilinmiyor")) | O15: =IF($B15="","",IFERROR(IF(INDEX(Malzemeler!$Q$5:$Q$100,MATCH($B15,Malzemeler!$A$5:$A$100,0))="","Bilinmiyor",INDEX(Malzemeler!$Q$5:$Q$100,MATCH($B15,Malzemeler!$A$5:$A$100,0))),"Bilinmiyor")) | P15: =IF($B15="","",IFERROR(IF(INDEX(Malzemeler!$R$5:$R$100,MATCH($B15,Malzemeler!$A$5:$A$100,0))="","Bilinmiyor",INDEX(Malzemeler!$R$5:$R$100,MATCH($B15,Malzemeler!$A$5:$A$100,0))),"Bilinmiyor"))
A16: Örnek: Patates Kızartması | B16: Patates kızartması (dondurulmuş) | C16: =IF($B16="","",IFERROR(IF(INDEX(Malzemeler!$E$5:$E$100,MATCH($B16,Malzemeler!$A$5:$A$100,0))="","Bilinmiyor",INDEX(Malzemeler!$E$5:$E$100,MATCH($B16,Malzemeler!$A$5:$A$100,0))),"Bilinmiyor")) | D16: =IF($B16="","",IFERROR(IF(INDEX(Malzemeler!$F$5:$F$100,MATCH($B16,Malzemeler!$A$5:$A$100,0))="","Bilinmiyor",INDEX(Malzemeler!$F$5:$F$100,MATCH($B16,Malzemeler!$A$5:$A$100,0))),"Bilinmiyor")) | E16: =IF($B16="","",IFERROR(IF(INDEX(Malzemeler!$G$5:$G$100,MATCH($B16,Malzemeler!$A$5:$A$100,0))="","Bilinmiyor",INDEX(Malzemeler!$G$5:$G$100,MATCH($B16,Malzemeler!$A$5:$A$100,0))),"Bilinmiyor")) | F16: =IF($B16="","",IFERROR(IF(INDEX(Malzemeler!$H$5:$H$100,MATCH($B16,Malzemeler!$A$5:$A$100,0))="","Bilinmiyor",INDEX(Malzemeler!$H$5:$H$100,MATCH($B16,Malzemeler!$A$5:$A$100,0))),"Bilinmiyor")) | G16: =IF($B16="","",IFERROR(IF(INDEX(Malzemeler!$I$5:$I$100,MATCH($B16,Malzemeler!$A$5:$A$100,0))="","Bilinmiyor",INDEX(Malzemeler!$I$5:$I$100,MATCH($B16,Malzemeler!$A$5:$A$100,0))),"Bilinmiyor")) | H16: =IF($B16="","",IFERROR(IF(INDEX(Malzemeler!$J$5:$J$100,MATCH($B16,Malzemeler!$A$5:$A$100,0))="","Bilinmiyor",INDEX(Malzemeler!$J$5:$J$100,MATCH($B16,Malzemeler!$A$5:$A$100,0))),"Bilinmiyor")) | I16: =IF($B16="","",IFERROR(IF(INDEX(Malzemeler!$K$5:$K$100,MATCH($B16,Malzemeler!$A$5:$A$100,0))="","Bilinmiyor",INDEX(Malzemeler!$K$5:$K$100,MATCH($B16,Malzemeler!$A$5:$A$100,0))),"Bilinmiyor")) | J16: =IF($B16="","",IFERROR(IF(INDEX(Malzemeler!$L$5:$L$100,MATCH($B16,Malzemeler!$A$5:$A$100,0))="","Bilinmiyor",INDEX(Malzemeler!$L$5:$L$100,MATCH($B16,Malzemeler!$A$5:$A$100,0))),"Bilinmiyor")) | K16: =IF($B16="","",IFERROR(IF(INDEX(Malzemeler!$M$5:$M$100,MATCH($B16,Malzemeler!$A$5:$A$100,0))="","Bilinmiyor",INDEX(Malzemeler!$M$5:$M$100,MATCH($B16,Malzemeler!$A$5:$A$100,0))),"Bilinmiyor")) | L16: =IF($B16="","",IFERROR(IF(INDEX(Malzemeler!$N$5:$N$100,MATCH($B16,Malzemeler!$A$5:$A$100,0))="","Bilinmiyor",INDEX(Malzemeler!$N$5:$N$100,MATCH($B16,Malzemeler!$A$5:$A$100,0))),"Bilinmiyor")) | M16: =IF($B16="","",IFERROR(IF(INDEX(Malzemeler!$O$5:$O$100,MATCH($B16,Malzemeler!$A$5:$A$100,0))="","Bilinmiyor",INDEX(Malzemeler!$O$5:$O$100,MATCH($B16,Malzemeler!$A$5:$A$100,0))),"Bilinmiyor")) | N16: =IF($B16="","",IFERROR(IF(INDEX(Malzemeler!$P$5:$P$100,MATCH($B16,Malzemeler!$A$5:$A$100,0))="","Bilinmiyor",INDEX(Malzemeler!$P$5:$P$100,MATCH($B16,Malzemeler!$A$5:$A$100,0))),"Bilinmiyor")) | O16: =IF($B16="","",IFERROR(IF(INDEX(Malzemeler!$Q$5:$Q$100,MATCH($B16,Malzemeler!$A$5:$A$100,0))="","Bilinmiyor",INDEX(Malzemeler!$Q$5:$Q$100,MATCH($B16,Malzemeler!$A$5:$A$100,0))),"Bilinmiyor")) | P16: =IF($B16="","",IFERROR(IF(INDEX(Malzemeler!$R$5:$R$100,MATCH($B16,Malzemeler!$A$5:$A$100,0))="","Bilinmiyor",INDEX(Malzemeler!$R$5:$R$100,MATCH($B16,Malzemeler!$A$5:$A$100,0))),"Bilinmiyor"))
... A18: Örnek: Patates Kızartması | B18: Kızartma yağı | C18: =IF($B18="","",IFERROR(IF(INDEX(Malzemeler!$E$5:$E$100,MATCH($B18,Malzemeler!$A$5:$A$100,0))="","Bilinmiyor",INDEX(Malzemeler!$E$5:$E$100,MATCH($B18,Malzemeler!$A$5:$A$100,0))),"Bilinmiyor")) | D18: =IF($B18="","",IFERROR(IF(INDEX(Malzemeler!$F$5:$F$100,MATCH($B18,Malzemeler!$A$5:$A$100,0))="","Bilinmiyor",INDEX(Malzemeler!$F$5:$F$100,MATCH($B18,Malzemeler!$A$5:$A$100,0))),"Bilinmiyor")) | E18: =IF($B18="","",IFERROR(IF(INDEX(Malzemeler!$G$5:$G$100,MATCH($B18,Malzemeler!$A$5:$A$100,0))="","Bilinmiyor",INDEX(Malzemeler!$G$5:$G$100,MATCH($B18,Malzemeler!$A$5:$A$100,0))),"Bilinmiyor")) | F18: =IF($B18="","",IFERROR(IF(INDEX(Malzemeler!$H$5:$H$100,MATCH($B18,Malzemeler!$A$5:$A$100,0))="","Bilinmiyor",INDEX(Malzemeler!$H$5:$H$100,MATCH($B18,Malzemeler!$A$5:$A$100,0))),"Bilinmiyor")) | G18: =IF($B18="","",IFERROR(IF(INDEX(Malzemeler!$I$5:$I$100,MATCH($B18,Malzemeler!$A$5:$A$100,0))="","Bilinmiyor",INDEX(Malzemeler!$I$5:$I$100,MATCH($B18,Malzemeler!$A$5:$A$100,0))),"Bilinmiyor")) | H18: =IF($B18="","",IFERROR(IF(INDEX(Malzemeler!$J$5:$J$100,MATCH($B18,Malzemeler!$A$5:$A$100,0))="","Bilinmiyor",INDEX(Malzemeler!$J$5:$J$100,MATCH($B18,Malzemeler!$A$5:$A$100,0))),"Bilinmiyor")) | I18: =IF($B18="","",IFERROR(IF(INDEX(Malzemeler!$K$5:$K$100,MATCH($B18,Malzemeler!$A$5:$A$100,0))="","Bilinmiyor",INDEX(Malzemeler!$K$5:$K$100,MATCH($B18,Malzemeler!$A$5:$A$100,0))),"Bilinmiyor")) | J18: =IF($B18="","",IFERROR(IF(INDEX(Malzemeler!$L$5:$L$100,MATCH($B18,Malzemeler!$A$5:$A$100,0))="","Bilinmiyor",INDEX(Malzemeler!$L$5:$L$100,MATCH($B18,Malzemeler!$A$5:$A$100,0))),"Bilinmiyor")) | K18: =IF($B18="","",IFERROR(IF(INDEX(Malzemeler!$M$5:$M$100,MATCH($B18,Malzemeler!$A$5:$A$100,0))="","Bilinmiyor",INDEX(Malzemeler!$M$5:$M$100,MATCH($B18,Malzemeler!$A$5:$A$100,0))),"Bilinmiyor")) | L18: =IF($B18="","",IFERROR(IF(INDEX(Malzemeler!$N$5:$N$100,MATCH($B18,Malzemeler!$A$5:$A$100,0))="","Bilinmiyor",INDEX(Malzemeler!$N$5:$N$100,MATCH($B18,Malzemeler!$A$5:$A$100,0))),"Bilinmiyor")) | M18: =IF($B18="","",IFERROR(IF(INDEX(Malzemeler!$O$5:$O$100,MATCH($B18,Malzemeler!$A$5:$A$100,0))="","Bilinmiyor",INDEX(Malzemeler!$O$5:$O$100,MATCH($B18,Malzemeler!$A$5:$A$100,0))),"Bilinmiyor")) | N18: =IF($B18="","",IFERROR(IF(INDEX(Malzemeler!$P$5:$P$100,MATCH($B18,Malzemeler!$A$5:$A$100,0))="","Bilinmiyor",INDEX(Malzemeler!$P$5:$P$100,MATCH($B18,Malzemeler!$A$5:$A$100,0))),"Bilinmiyor")) | O18: =IF($B18="","",IFERROR(IF(INDEX(Malzemeler!$Q$5:$Q$100,MATCH($B18,Malzemeler!$A$5:$A$100,0))="","Bilinmiyor",INDEX(Malzemeler!$Q$5:$Q$100,MATCH($B18,Malzemeler!$A$5:$A$100,0))),"Bilinmiyor")) | P18: =IF($B18="","",IFERROR(IF(INDEX(Malzemeler!$R$5:$R$100,MATCH($B18,Malzemeler!$A$5:$A$100,0))="","Bilinmiyor",INDEX(Malzemeler!$R$5:$R$100,MATCH($B18,Malzemeler!$A$5:$A$100,0))),"Bilinmiyor"))
C19: =IF($B19="","",IFERROR(IF(INDEX(Malzemeler!$E$5:$E$100,MATCH($B19,Malzemeler!$A$5:$A$100,0))="","Bilinmiyor",INDEX(Malzemeler!$E$5:$E$100,MATCH($B19,Malzemeler!$A$5:$A$100,0))),"Bilinmiyor")) | D19: =IF($B19="","",IFERROR(IF(INDEX(Malzemeler!$F$5:$F$100,MATCH($B19,Malzemeler!$A$5:$A$100,0))="","Bilinmiyor",INDEX(Malzemeler!$F$5:$F$100,MATCH($B19,Malzemeler!$A$5:$A$100,0))),"Bilinmiyor")) | E19: =IF($B19="","",IFERROR(IF(INDEX(Malzemeler!$G$5:$G$100,MATCH($B19,Malzemeler!$A$5:$A$100,0))="","Bilinmiyor",INDEX(Malzemeler!$G$5:$G$100,MATCH($B19,Malzemeler!$A$5:$A$100,0))),"Bilinmiyor")) | F19: =IF($B19="","",IFERROR(IF(INDEX(Malzemeler!$H$5:$H$100,MATCH($B19,Malzemeler!$A$5:$A$100,0))="","Bilinmiyor",INDEX(Malzemeler!$H$5:$H$100,MATCH($B19,Malzemeler!$A$5:$A$100,0))),"Bilinmiyor")) | G19: =IF($B19="","",IFERROR(IF(INDEX(Malzemeler!$I$5:$I$100,MATCH($B19,Malzemeler!$A$5:$A$100,0))="","Bilinmiyor",INDEX(Malzemeler!$I$5:$I$100,MATCH($B19,Malzemeler!$A$5:$A$100,0))),"Bilinmiyor")) | H19: =IF($B19="","",IFERROR(IF(INDEX(Malzemeler!$J$5:$J$100,MATCH($B19,Malzemeler!$A$5:$A$100,0))="","Bilinmiyor",INDEX(Malzemeler!$J$5:$J$100,MATCH($B19,Malzemeler!$A$5:$A$100,0))),"Bilinmiyor")) | I19: =IF($B19="","",IFERROR(IF(INDEX(Malzemeler!$K$5:$K$100,MATCH($B19,Malzemeler!$A$5:$A$100,0))="","Bilinmiyor",INDEX(Malzemeler!$K$5:$K$100,MATCH($B19,Malzemeler!$A$5:$A$100,0))),"Bilinmiyor")) | J19: =IF($B19="","",IFERROR(IF(INDEX(Malzemeler!$L$5:$L$100,MATCH($B19,Malzemeler!$A$5:$A$100,0))="","Bilinmiyor",INDEX(Malzemeler!$L$5:$L$100,MATCH($B19,Malzemeler!$A$5:$A$100,0))),"Bilinmiyor")) | K19: =IF($B19="","",IFERROR(IF(INDEX(Malzemeler!$M$5:$M$100,MATCH($B19,Malzemeler!$A$5:$A$100,0))="","Bilinmiyor",INDEX(Malzemeler!$M$5:$M$100,MATCH($B19,Malzemeler!$A$5:$A$100,0))),"Bilinmiyor")) | L19: =IF($B19="","",IFERROR(IF(INDEX(Malzemeler!$N$5:$N$100,MATCH($B19,Malzemeler!$A$5:$A$100,0))="","Bilinmiyor",INDEX(Malzemeler!$N$5:$N$100,MATCH($B19,Malzemeler!$A$5:$A$100,0))),"Bilinmiyor")) | M19: =IF($B19="","",IFERROR(IF(INDEX(Malzemeler!$O$5:$O$100,MATCH($B19,Malzemeler!$A$5:$A$100,0))="","Bilinmiyor",INDEX(Malzemeler!$O$5:$O$100,MATCH($B19,Malzemeler!$A$5:$A$100,0))),"Bilinmiyor")) | N19: =IF($B19="","",IFERROR(IF(INDEX(Malzemeler!$P$5:$P$100,MATCH($B19,Malzemeler!$A$5:$A$100,0))="","Bilinmiyor",INDEX(Malzemeler!$P$5:$P$100,MATCH($B19,Malzemeler!$A$5:$A$100,0))),"Bilinmiyor")) | O19: =IF($B19="","",IFERROR(IF(INDEX(Malzemeler!$Q$5:$Q$100,MATCH($B19,Malzemeler!$A$5:$A$100,0))="","Bilinmiyor",INDEX(Malzemeler!$Q$5:$Q$100,MATCH($B19,Malzemeler!$A$5:$A$100,0))),"Bilinmiyor")) | P19: =IF($B19="","",IFERROR(IF(INDEX(Malzemeler!$R$5:$R$100,MATCH($B19,Malzemeler!$A$5:$A$100,0))="","Bilinmiyor",INDEX(Malzemeler!$R$5:$R$100,MATCH($B19,Malzemeler!$A$5:$A$100,0))),"Bilinmiyor"))
C20: =IF($B20="","",IFERROR(IF(INDEX(Malzemeler!$E$5:$E$100,MATCH($B20,Malzemeler!$A$5:$A$100,0))="","Bilinmiyor",INDEX(Malzemeler!$E$5:$E$100,MATCH($B20,Malzemeler!$A$5:$A$100,0))),"Bilinmiyor")) | D20: =IF($B20="","",IFERROR(IF(INDEX(Malzemeler!$F$5:$F$100,MATCH($B20,Malzemeler!$A$5:$A$100,0))="","Bilinmiyor",INDEX(Malzemeler!$F$5:$F$100,MATCH($B20,Malzemeler!$A$5:$A$100,0))),"Bilinmiyor")) | E20: =IF($B20="","",IFERROR(IF(INDEX(Malzemeler!$G$5:$G$100,MATCH($B20,Malzemeler!$A$5:$A$100,0))="","Bilinmiyor",INDEX(Malzemeler!$G$5:$G$100,MATCH($B20,Malzemeler!$A$5:$A$100,0))),"Bilinmiyor")) | F20: =IF($B20="","",IFERROR(IF(INDEX(Malzemeler!$H$5:$H$100,MATCH($B20,Malzemeler!$A$5:$A$100,0))="","Bilinmiyor",INDEX(Malzemeler!$H$5:$H$100,MATCH($B20,Malzemeler!$A$5:$A$100,0))),"Bilinmiyor")) | G20: =IF($B20="","",IFERROR(IF(INDEX(Malzemeler!$I$5:$I$100,MATCH($B20,Malzemeler!$A$5:$A$100,0))="","Bilinmiyor",INDEX(Malzemeler!$I$5:$I$100,MATCH($B20,Malzemeler!$A$5:$A$100,0))),"Bilinmiyor")) | H20: =IF($B20="","",IFERROR(IF(INDEX(Malzemeler!$J$5:$J$100,MATCH($B20,Malzemeler!$A$5:$A$100,0))="","Bilinmiyor",INDEX(Malzemeler!$J$5:$J$100,MATCH($B20,Malzemeler!$A$5:$A$100,0))),"Bilinmiyor")) | I20: =IF($B20="","",IFERROR(IF(INDEX(Malzemeler!$K$5:$K$100,MATCH($B20,Malzemeler!$A$5:$A$100,0))="","Bilinmiyor",INDEX(Malzemeler!$K$5:$K$100,MATCH($B20,Malzemeler!$A$5:$A$100,0))),"Bilinmiyor")) | J20: =IF($B20="","",IFERROR(IF(INDEX(Malzemeler!$L$5:$L$100,MATCH($B20,Malzemeler!$A$5:$A$100,0))="","Bilinmiyor",INDEX(Malzemeler!$L$5:$L$100,MATCH($B20,Malzemeler!$A$5:$A$100,0))),"Bilinmiyor")) | K20: =IF($B20="","",IFERROR(IF(INDEX(Malzemeler!$M$5:$M$100,MATCH($B20,Malzemeler!$A$5:$A$100,0))="","Bilinmiyor",INDEX(Malzemeler!$M$5:$M$100,MATCH($B20,Malzemeler!$A$5:$A$100,0))),"Bilinmiyor")) | L20: =IF($B20="","",IFERROR(IF(INDEX(Malzemeler!$N$5:$N$100,MATCH($B20,Malzemeler!$A$5:$A$100,0))="","Bilinmiyor",INDEX(Malzemeler!$N$5:$N$100,MATCH($B20,Malzemeler!$A$5:$A$100,0))),"Bilinmiyor")) | M20: =IF($B20="","",IFERROR(IF(INDEX(Malzemeler!$O$5:$O$100,MATCH($B20,Malzemeler!$A$5:$A$100,0))="","Bilinmiyor",INDEX(Malzemeler!$O$5:$O$100,MATCH($B20,Malzemeler!$A$5:$A$100,0))),"Bilinmiyor")) | N20: =IF($B20="","",IFERROR(IF(INDEX(Malzemeler!$P$5:$P$100,MATCH($B20,Malzemeler!$A$5:$A$100,0))="","Bilinmiyor",INDEX(Malzemeler!$P$5:$P$100,MATCH($B20,Malzemeler!$A$5:$A$100,0))),"Bilinmiyor")) | O20: =IF($B20="","",IFERROR(IF(INDEX(Malzemeler!$Q$5:$Q$100,MATCH($B20,Malzemeler!$A$5:$A$100,0))="","Bilinmiyor",INDEX(Malzemeler!$Q$5:$Q$100,MATCH($B20,Malzemeler!$A$5:$A$100,0))),"Bilinmiyor")) | P20: =IF($B20="","",IFERROR(IF(INDEX(Malzemeler!$R$5:$R$100,MATCH($B20,Malzemeler!$A$5:$A$100,0))="","Bilinmiyor",INDEX(Malzemeler!$R$5:$R$100,MATCH($B20,Malzemeler!$A$5:$A$100,0))),"Bilinmiyor"))
C21: =IF($B21="","",IFERROR(IF(INDEX(Malzemeler!$E$5:$E$100,MATCH($B21,Malzemeler!$A$5:$A$100,0))="","Bilinmiyor",INDEX(Malzemeler!$E$5:$E$100,MATCH($B21,Malzemeler!$A$5:$A$100,0))),"Bilinmiyor")) | D21: =IF($B21="","",IFERROR(IF(INDEX(Malzemeler!$F$5:$F$100,MATCH($B21,Malzemeler!$A$5:$A$100,0))="","Bilinmiyor",INDEX(Malzemeler!$F$5:$F$100,MATCH($B21,Malzemeler!$A$5:$A$100,0))),"Bilinmiyor")) | E21: =IF($B21="","",IFERROR(IF(INDEX(Malzemeler!$G$5:$G$100,MATCH($B21,Malzemeler!$A$5:$A$100,0))="","Bilinmiyor",INDEX(Malzemeler!$G$5:$G$100,MATCH($B21,Malzemeler!$A$5:$A$100,0))),"Bilinmiyor")) | F21: =IF($B21="","",IFERROR(IF(INDEX(Malzemeler!$H$5:$H$100,MATCH($B21,Malzemeler!$A$5:$A$100,0))="","Bilinmiyor",INDEX(Malzemeler!$H$5:$H$100,MATCH($B21,Malzemeler!$A$5:$A$100,0))),"Bilinmiyor")) | G21: =IF($B21="","",IFERROR(IF(INDEX(Malzemeler!$I$5:$I$100,MATCH($B21,Malzemeler!$A$5:$A$100,0))="","Bilinmiyor",INDEX(Malzemeler!$I$5:$I$100,MATCH($B21,Malzemeler!$A$5:$A$100,0))),"Bilinmiyor")) | H21: =IF($B21="","",IFERROR(IF(INDEX(Malzemeler!$J$5:$J$100,MATCH($B21,Malzemeler!$A$5:$A$100,0))="","Bilinmiyor",INDEX(Malzemeler!$J$5:$J$100,MATCH($B21,Malzemeler!$A$5:$A$100,0))),"Bilinmiyor")) | I21: =IF($B21="","",IFERROR(IF(INDEX(Malzemeler!$K$5:$K$100,MATCH($B21,Malzemeler!$A$5:$A$100,0))="","Bilinmiyor",INDEX(Malzemeler!$K$5:$K$100,MATCH($B21,Malzemeler!$A$5:$A$100,0))),"Bilinmiyor")) | J21: =IF($B21="","",IFERROR(IF(INDEX(Malzemeler!$L$5:$L$100,MATCH($B21,Malzemeler!$A$5:$A$100,0))="","Bilinmiyor",INDEX(Malzemeler!$L$5:$L$100,MATCH($B21,Malzemeler!$A$5:$A$100,0))),"Bilinmiyor")) | K21: =IF($B21="","",IFERROR(IF(INDEX(Malzemeler!$M$5:$M$100,MATCH($B21,Malzemeler!$A$5:$A$100,0))="","Bilinmiyor",INDEX(Malzemeler!$M$5:$M$100,MATCH($B21,Malzemeler!$A$5:$A$100,0))),"Bilinmiyor")) | L21: =IF($B21="","",IFERROR(IF(INDEX(Malzemeler!$N$5:$N$100,MATCH($B21,Malzemeler!$A$5:$A$100,0))="","Bilinmiyor",INDEX(Malzemeler!$N$5:$N$100,MATCH($B21,Malzemeler!$A$5:$A$100,0))),"Bilinmiyor")) | M21: =IF($B21="","",IFERROR(IF(INDEX(Malzemeler!$O$5:$O$100,MATCH($B21,Malzemeler!$A$5:$A$100,0))="","Bilinmiyor",INDEX(Malzemeler!$O$5:$O$100,MATCH($B21,Malzemeler!$A$5:$A$100,0))),"Bilinmiyor")) | N21: =IF($B21="","",IFERROR(IF(INDEX(Malzemeler!$P$5:$P$100,MATCH($B21,Malzemeler!$A$5:$A$100,0))="","Bilinmiyor",INDEX(Malzemeler!$P$5:$P$100,MATCH($B21,Malzemeler!$A$5:$A$100,0))),"Bilinmiyor")) | O21: =IF($B21="","",IFERROR(IF(INDEX(Malzemeler!$Q$5:$Q$100,MATCH($B21,Malzemeler!$A$5:$A$100,0))="","Bilinmiyor",INDEX(Malzemeler!$Q$5:$Q$100,MATCH($B21,Malzemeler!$A$5:$A$100,0))),"Bilinmiyor")) | P21: =IF($B21="","",IFERROR(IF(INDEX(Malzemeler!$R$5:$R$100,MATCH($B21,Malzemeler!$A$5:$A$100,0))="","Bilinmiyor",INDEX(Malzemeler!$R$5:$R$100,MATCH($B21,Malzemeler!$A$5:$A$100,0))),"Bilinmiyor"))
C22: =IF($B22="","",IFERROR(IF(INDEX(Malzemeler!$E$5:$E$100,MATCH($B22,Malzemeler!$A$5:$A$100,0))="","Bilinmiyor",INDEX(Malzemeler!$E$5:$E$100,MATCH($B22,Malzemeler!$A$5:$A$100,0))),"Bilinmiyor")) | D22: =IF($B22="","",IFERROR(IF(INDEX(Malzemeler!$F$5:$F$100,MATCH($B22,Malzemeler!$A$5:$A$100,0))="","Bilinmiyor",INDEX(Malzemeler!$F$5:$F$100,MATCH($B22,Malzemeler!$A$5:$A$100,0))),"Bilinmiyor")) | E22: =IF($B22="","",IFERROR(IF(INDEX(Malzemeler!$G$5:$G$100,MATCH($B22,Malzemeler!$A$5:$A$100,0))="","Bilinmiyor",INDEX(Malzemeler!$G$5:$G$100,MATCH($B22,Malzemeler!$A$5:$A$100,0))),"Bilinmiyor")) | F22: =IF($B22="","",IFERROR(IF(INDEX(Malzemeler!$H$5:$H$100,MATCH($B22,Malzemeler!$A$5:$A$100,0))="","Bilinmiyor",INDEX(Malzemeler!$H$5:$H$100,MATCH($B22,Malzemeler!$A$5:$A$100,0))),"Bilinmiyor")) | G22: =IF($B22="","",IFERROR(IF(INDEX(Malzemeler!$I$5:$I$100,MATCH($B22,Malzemeler!$A$5:$A$100,0))="","Bilinmiyor",INDEX(Malzemeler!$I$5:$I$100,MATCH($B22,Malzemeler!$A$5:$A$100,0))),"Bilinmiyor")) | H22: =IF($B22="","",IFERROR(IF(INDEX(Malzemeler!$J$5:$J$100,MATCH($B22,Malzemeler!$A$5:$A$100,0))="","Bilinmiyor",INDEX(Malzemeler!$J$5:$J$100,MATCH($B22,Malzemeler!$A$5:$A$100,0))),"Bilinmiyor")) | I22: =IF($B22="","",IFERROR(IF(INDEX(Malzemeler!$K$5:$K$100,MATCH($B22,Malzemeler!$A$5:$A$100,0))="","Bilinmiyor",INDEX(Malzemeler!$K$5:$K$100,MATCH($B22,Malzemeler!$A$5:$A$100,0))),"Bilinmiyor")) | J22: =IF($B22="","",IFERROR(IF(INDEX(Malzemeler!$L$5:$L$100,MATCH($B22,Malzemeler!$A$5:$A$100,0))="","Bilinmiyor",INDEX(Malzemeler!$L$5:$L$100,MATCH($B22,Malzemeler!$A$5:$A$100,0))),"Bilinmiyor")) | K22: =IF($B22="","",IFERROR(IF(INDEX(Malzemeler!$M$5:$M$100,MATCH($B22,Malzemeler!$A$5:$A$100,0))="","Bilinmiyor",INDEX(Malzemeler!$M$5:$M$100,MATCH($B22,Malzemeler!$A$5:$A$100,0))),"Bilinmiyor")) | L22: =IF($B22="","",IFERROR(IF(INDEX(Malzemeler!$N$5:$N$100,MATCH($B22,Malzemeler!$A$5:$A$100,0))="","Bilinmiyor",INDEX(Malzemeler!$N$5:$N$100,MATCH($B22,Malzemeler!$A$5:$A$100,0))),"Bilinmiyor")) | M22: =IF($B22="","",IFERROR(IF(INDEX(Malzemeler!$O$5:$O$100,MATCH($B22,Malzemeler!$A$5:$A$100,0))="","Bilinmiyor",INDEX(Malzemeler!$O$5:$O$100,MATCH($B22,Malzemeler!$A$5:$A$100,0))),"Bilinmiyor")) | N22: =IF($B22="","",IFERROR(IF(INDEX(Malzemeler!$P$5:$P$100,MATCH($B22,Malzemeler!$A$5:$A$100,0))="","Bilinmiyor",INDEX(Malzemeler!$P$5:$P$100,MATCH($B22,Malzemeler!$A$5:$A$100,0))),"Bilinmiyor")) | O22: =IF($B22="","",IFERROR(IF(INDEX(Malzemeler!$Q$5:$Q$100,MATCH($B22,Malzemeler!$A$5:$A$100,0))="","Bilinmiyor",INDEX(Malzemeler!$Q$5:$Q$100,MATCH($B22,Malzemeler!$A$5:$A$100,0))),"Bilinmiyor")) | P22: =IF($B22="","",IFERROR(IF(INDEX(Malzemeler!$R$5:$R$100,MATCH($B22,Malzemeler!$A$5:$A$100,0))="","Bilinmiyor",INDEX(Malzemeler!$R$5:$R$100,MATCH($B22,Malzemeler!$A$5:$A$100,0))),"Bilinmiyor"))
C23: =IF($B23="","",IFERROR(IF(INDEX(Malzemeler!$E$5:$E$100,MATCH($B23,Malzemeler!$A$5:$A$100,0))="","Bilinmiyor",INDEX(Malzemeler!$E$5:$E$100,MATCH($B23,Malzemeler!$A$5:$A$100,0))),"Bilinmiyor")) | D23: =IF($B23="","",IFERROR(IF(INDEX(Malzemeler!$F$5:$F$100,MATCH($B23,Malzemeler!$A$5:$A$100,0))="","Bilinmiyor",INDEX(Malzemeler!$F$5:$F$100,MATCH($B23,Malzemeler!$A$5:$A$100,0))),"Bilinmiyor")) | E23: =IF($B23="","",IFERROR(IF(INDEX(Malzemeler!$G$5:$G$100,MATCH($B23,Malzemeler!$A$5:$A$100,0))="","Bilinmiyor",INDEX(Malzemeler!$G$5:$G$100,MATCH($B23,Malzemeler!$A$5:$A$100,0))),"Bilinmiyor")) | F23: =IF($B23="","",IFERROR(IF(INDEX(Malzemeler!$H$5:$H$100,MATCH($B23,Malzemeler!$A$5:$A$100,0))="","Bilinmiyor",INDEX(Malzemeler!$H$5:$H$100,MATCH($B23,Malzemeler!$A$5:$A$100,0))),"Bilinmiyor")) | G23: =IF($B23="","",IFERROR(IF(INDEX(Malzemeler!$I$5:$I$100,MATCH($B23,Malzemeler!$A$5:$A$100,0))="","Bilinmiyor",INDEX(Malzemeler!$I$5:$I$100,MATCH($B23,Malzemeler!$A$5:$A$100,0))),"Bilinmiyor")) | H23: =IF($B23="","",IFERROR(IF(INDEX(Malzemeler!$J$5:$J$100,MATCH($B23,Malzemeler!$A$5:$A$100,0))="","Bilinmiyor",INDEX(Malzemeler!$J$5:$J$100,MATCH($B23,Malzemeler!$A$5:$A$100,0))),"Bilinmiyor")) | I23: =IF($B23="","",IFERROR(IF(INDEX(Malzemeler!$K$5:$K$100,MATCH($B23,Malzemeler!$A$5:$A$100,0))="","Bilinmiyor",INDEX(Malzemeler!$K$5:$K$100,MATCH($B23,Malzemeler!$A$5:$A$100,0))),"Bilinmiyor")) | J23: =IF($B23="","",IFERROR(IF(INDEX(Malzemeler!$L$5:$L$100,MATCH($B23,Malzemeler!$A$5:$A$100,0))="","Bilinmiyor",INDEX(Malzemeler!$L$5:$L$100,MATCH($B23,Malzemeler!$A$5:$A$100,0))),"Bilinmiyor")) | K23: =IF($B23="","",IFERROR(IF(INDEX(Malzemeler!$M$5:$M$100,MATCH($B23,Malzemeler!$A$5:$A$100,0))="","Bilinmiyor",INDEX(Malzemeler!$M$5:$M$100,MATCH($B23,Malzemeler!$A$5:$A$100,0))),"Bilinmiyor")) | L23: =IF($B23="","",IFERROR(IF(INDEX(Malzemeler!$N$5:$N$100,MATCH($B23,Malzemeler!$A$5:$A$100,0))="","Bilinmiyor",INDEX(Malzemeler!$N$5:$N$100,MATCH($B23,Malzemeler!$A$5:$A$100,0))),"Bilinmiyor")) | M23: =IF($B23="","",IFERROR(IF(INDEX(Malzemeler!$O$5:$O$100,MATCH($B23,Malzemeler!$A$5:$A$100,0))="","Bilinmiyor",INDEX(Malzemeler!$O$5:$O$100,MATCH($B23,Malzemeler!$A$5:$A$100,0))),"Bilinmiyor")) | N23: =IF($B23="","",IFERROR(IF(INDEX(Malzemeler!$P$5:$P$100,MATCH($B23,Malzemeler!$A$5:$A$100,0))="","Bilinmiyor",INDEX(Malzemeler!$P$5:$P$100,MATCH($B23,Malzemeler!$A$5:$A$100,0))),"Bilinmiyor")) | O23: =IF($B23="","",IFERROR(IF(INDEX(Malzemeler!$Q$5:$Q$100,MATCH($B23,Malzemeler!$A$5:$A$100,0))="","Bilinmiyor",INDEX(Malzemeler!$Q$5:$Q$100,MATCH($B23,Malzemeler!$A$5:$A$100,0))),"Bilinmiyor")) | P23: =IF($B23="","",IFERROR(IF(INDEX(Malzemeler!$R$5:$R$100,MATCH($B23,Malzemeler!$A$5:$A$100,0))="","Bilinmiyor",INDEX(Malzemeler!$R$5:$R$100,MATCH($B23,Malzemeler!$A$5:$A$100,0))),"Bilinmiyor"))
C24: =IF($B24="","",IFERROR(IF(INDEX(Malzemeler!$E$5:$E$100,MATCH($B24,Malzemeler!$A$5:$A$100,0))="","Bilinmiyor",INDEX(Malzemeler!$E$5:$E$100,MATCH($B24,Malzemeler!$A$5:$A$100,0))),"Bilinmiyor")) | D24: =IF($B24="","",IFERROR(IF(INDEX(Malzemeler!$F$5:$F$100,MATCH($B24,Malzemeler!$A$5:$A$100,0))="","Bilinmiyor",INDEX(Malzemeler!$F$5:$F$100,MATCH($B24,Malzemeler!$A$5:$A$100,0))),"Bilinmiyor")) | E24: =IF($B24="","",IFERROR(IF(INDEX(Malzemeler!$G$5:$G$100,MATCH($B24,Malzemeler!$A$5:$A$100,0))="","Bilinmiyor",INDEX(Malzemeler!$G$5:$G$100,MATCH($B24,Malzemeler!$A$5:$A$100,0))),"Bilinmiyor")) | F24: =IF($B24="","",IFERROR(IF(INDEX(Malzemeler!$H$5:$H$100,MATCH($B24,Malzemeler!$A$5:$A$100,0))="","Bilinmiyor",INDEX(Malzemeler!$H$5:$H$100,MATCH($B24,Malzemeler!$A$5:$A$100,0))),"Bilinmiyor")) | G24: =IF($B24="","",IFERROR(IF(INDEX(Malzemeler!$I$5:$I$100,MATCH($B24,Malzemeler!$A$5:$A$100,0))="","Bilinmiyor",INDEX(Malzemeler!$I$5:$I$100,MATCH($B24,Malzemeler!$A$5:$A$100,0))),"Bilinmiyor")) | H24: =IF($B24="","",IFERROR(IF(INDEX(Malzemeler!$J$5:$J$100,MATCH($B24,Malzemeler!$A$5:$A$100,0))="","Bilinmiyor",INDEX(Malzemeler!$J$5:$J$100,MATCH($B24,Malzemeler!$A$5:$A$100,0))),"Bilinmiyor")) | I24: =IF($B24="","",IFERROR(IF(INDEX(Malzemeler!$K$5:$K$100,MATCH($B24,Malzemeler!$A$5:$A$100,0))="","Bilinmiyor",INDEX(Malzemeler!$K$5:$K$100,MATCH($B24,Malzemeler!$A$5:$A$100,0))),"Bilinmiyor")) | J24: =IF($B24="","",IFERROR(IF(INDEX(Malzemeler!$L$5:$L$100,MATCH($B24,Malzemeler!$A$5:$A$100,0))="","Bilinmiyor",INDEX(Malzemeler!$L$5:$L$100,MATCH($B24,Malzemeler!$A$5:$A$100,0))),"Bilinmiyor")) | K24: =IF($B24="","",IFERROR(IF(INDEX(Malzemeler!$M$5:$M$100,MATCH($B24,Malzemeler!$A$5:$A$100,0))="","Bilinmiyor",INDEX(Malzemeler!$M$5:$M$100,MATCH($B24,Malzemeler!$A$5:$A$100,0))),"Bilinmiyor")) | L24: =IF($B24="","",IFERROR(IF(INDEX(Malzemeler!$N$5:$N$100,MATCH($B24,Malzemeler!$A$5:$A$100,0))="","Bilinmiyor",INDEX(Malzemeler!$N$5:$N$100,MATCH($B24,Malzemeler!$A$5:$A$100,0))),"Bilinmiyor")) | M24: =IF($B24="","",IFERROR(IF(INDEX(Malzemeler!$O$5:$O$100,MATCH($B24,Malzemeler!$A$5:$A$100,0))="","Bilinmiyor",INDEX(Malzemeler!$O$5:$O$100,MATCH($B24,Malzemeler!$A$5:$A$100,0))),"Bilinmiyor")) | N24: =IF($B24="","",IFERROR(IF(INDEX(Malzemeler!$P$5:$P$100,MATCH($B24,Malzemeler!$A$5:$A$100,0))="","Bilinmiyor",INDEX(Malzemeler!$P$5:$P$100,MATCH($B24,Malzemeler!$A$5:$A$100,0))),"Bilinmiyor")) | O24: =IF($B24="","",IFERROR(IF(INDEX(Malzemeler!$Q$5:$Q$100,MATCH($B24,Malzemeler!$A$5:$A$100,0))="","Bilinmiyor",INDEX(Malzemeler!$Q$5:$Q$100,MATCH($B24,Malzemeler!$A$5:$A$100,0))),"Bilinmiyor")) | P24: =IF($B24="","",IFERROR(IF(INDEX(Malzemeler!$R$5:$R$100,MATCH($B24,Malzemeler!$A$5:$A$100,0))="","Bilinmiyor",INDEX(Malzemeler!$R$5:$R$100,MATCH($B24,Malzemeler!$A$5:$A$100,0))),"Bilinmiyor"))
C25: =IF($B25="","",IFERROR(IF(INDEX(Malzemeler!$E$5:$E$100,MATCH($B25,Malzemeler!$A$5:$A$100,0))="","Bilinmiyor",INDEX(Malzemeler!$E$5:$E$100,MATCH($B25,Malzemeler!$A$5:$A$100,0))),"Bilinmiyor")) | D25: =IF($B25="","",IFERROR(IF(INDEX(Malzemeler!$F$5:$F$100,MATCH($B25,Malzemeler!$A$5:$A$100,0))="","Bilinmiyor",INDEX(Malzemeler!$F$5:$F$100,MATCH($B25,Malzemeler!$A$5:$A$100,0))),"Bilinmiyor")) | E25: =IF($B25="","",IFERROR(IF(INDEX(Malzemeler!$G$5:$G$100,MATCH($B25,Malzemeler!$A$5:$A$100,0))="","Bilinmiyor",INDEX(Malzemeler!$G$5:$G$100,MATCH($B25,Malzemeler!$A$5:$A$100,0))),"Bilinmiyor")) | F25: =IF($B25="","",IFERROR(IF(INDEX(Malzemeler!$H$5:$H$100,MATCH($B25,Malzemeler!$A$5:$A$100,0))="","Bilinmiyor",INDEX(Malzemeler!$H$5:$H$100,MATCH($B25,Malzemeler!$A$5:$A$100,0))),"Bilinmiyor")) | G25: =IF($B25="","",IFERROR(IF(INDEX(Malzemeler!$I$5:$I$100,MATCH($B25,Malzemeler!$A$5:$A$100,0))="","Bilinmiyor",INDEX(Malzemeler!$I$5:$I$100,MATCH($B25,Malzemeler!$A$5:$A$100,0))),"Bilinmiyor")) | H25: =IF($B25="","",IFERROR(IF(INDEX(Malzemeler!$J$5:$J$100,MATCH($B25,Malzemeler!$A$5:$A$100,0))="","Bilinmiyor",INDEX(Malzemeler!$J$5:$J$100,MATCH($B25,Malzemeler!$A$5:$A$100,0))),"Bilinmiyor")) | I25: =IF($B25="","",IFERROR(IF(INDEX(Malzemeler!$K$5:$K$100,MATCH($B25,Malzemeler!$A$5:$A$100,0))="","Bilinmiyor",INDEX(Malzemeler!$K$5:$K$100,MATCH($B25,Malzemeler!$A$5:$A$100,0))),"Bilinmiyor")) | J25: =IF($B25="","",IFERROR(IF(INDEX(Malzemeler!$L$5:$L$100,MATCH($B25,Malzemeler!$A$5:$A$100,0))="","Bilinmiyor",INDEX(Malzemeler!$L$5:$L$100,MATCH($B25,Malzemeler!$A$5:$A$100,0))),"Bilinmiyor")) | K25: =IF($B25="","",IFERROR(IF(INDEX(Malzemeler!$M$5:$M$100,MATCH($B25,Malzemeler!$A$5:$A$100,0))="","Bilinmiyor",INDEX(Malzemeler!$M$5:$M$100,MATCH($B25,Malzemeler!$A$5:$A$100,0))),"Bilinmiyor")) | L25: =IF($B25="","",IFERROR(IF(INDEX(Malzemeler!$N$5:$N$100,MATCH($B25,Malzemeler!$A$5:$A$100,0))="","Bilinmiyor",INDEX(Malzemeler!$N$5:$N$100,MATCH($B25,Malzemeler!$A$5:$A$100,0))),"Bilinmiyor")) | M25: =IF($B25="","",IFERROR(IF(INDEX(Malzemeler!$O$5:$O$100,MATCH($B25,Malzemeler!$A$5:$A$100,0))="","Bilinmiyor",INDEX(Malzemeler!$O$5:$O$100,MATCH($B25,Malzemeler!$A$5:$A$100,0))),"Bilinmiyor")) | N25: =IF($B25="","",IFERROR(IF(INDEX(Malzemeler!$P$5:$P$100,MATCH($B25,Malzemeler!$A$5:$A$100,0))="","Bilinmiyor",INDEX(Malzemeler!$P$5:$P$100,MATCH($B25,Malzemeler!$A$5:$A$100,0))),"Bilinmiyor")) | O25: =IF($B25="","",IFERROR(IF(INDEX(Malzemeler!$Q$5:$Q$100,MATCH($B25,Malzemeler!$A$5:$A$100,0))="","Bilinmiyor",INDEX(Malzemeler!$Q$5:$Q$100,MATCH($B25,Malzemeler!$A$5:$A$100,0))),"Bilinmiyor")) | P25: =IF($B25="","",IFERROR(IF(INDEX(Malzemeler!$R$5:$R$100,MATCH($B25,Malzemeler!$A$5:$A$100,0))="","Bilinmiyor",INDEX(Malzemeler!$R$5:$R$100,MATCH($B25,Malzemeler!$A$5:$A$100,0))),"Bilinmiyor"))
C26: =IF($B26="","",IFERROR(IF(INDEX(Malzemeler!$E$5:$E$100,MATCH($B26,Malzemeler!$A$5:$A$100,0))="","Bilinmiyor",INDEX(Malzemeler!$E$5:$E$100,MATCH($B26,Malzemeler!$A$5:$A$100,0))),"Bilinmiyor")) | D26: =IF($B26="","",IFERROR(IF(INDEX(Malzemeler!$F$5:$F$100,MATCH($B26,Malzemeler!$A$5:$A$100,0))="","Bilinmiyor",INDEX(Malzemeler!$F$5:$F$100,MATCH($B26,Malzemeler!$A$5:$A$100,0))),"Bilinmiyor")) | E26: =IF($B26="","",IFERROR(IF(INDEX(Malzemeler!$G$5:$G$100,MATCH($B26,Malzemeler!$A$5:$A$100,0))="","Bilinmiyor",INDEX(Malzemeler!$G$5:$G$100,MATCH($B26,Malzemeler!$A$5:$A$100,0))),"Bilinmiyor")) | F26: =IF($B26="","",IFERROR(IF(INDEX(Malzemeler!$H$5:$H$100,MATCH($B26,Malzemeler!$A$5:$A$100,0))="","Bilinmiyor",INDEX(Malzemeler!$H$5:$H$100,MATCH($B26,Malzemeler!$A$5:$A$100,0))),"Bilinmiyor")) | G26: =IF($B26="","",IFERROR(IF(INDEX(Malzemeler!$I$5:$I$100,MATCH($B26,Malzemeler!$A$5:$A$100,0))="","Bilinmiyor",INDEX(Malzemeler!$I$5:$I$100,MATCH($B26,Malzemeler!$A$5:$A$100,0))),"Bilinmiyor")) | H26: =IF($B26="","",IFERROR(IF(INDEX(Malzemeler!$J$5:$J$100,MATCH($B26,Malzemeler!$A$5:$A$100,0))="","Bilinmiyor",INDEX(Malzemeler!$J$5:$J$100,MATCH($B26,Malzemeler!$A$5:$A$100,0))),"Bilinmiyor")) | I26: =IF($B26="","",IFERROR(IF(INDEX(Malzemeler!$K$5:$K$100,MATCH($B26,Malzemeler!$A$5:$A$100,0))="","Bilinmiyor",INDEX(Malzemeler!$K$5:$K$100,MATCH($B26,Malzemeler!$A$5:$A$100,0))),"Bilinmiyor")) | J26: =IF($B26="","",IFERROR(IF(INDEX(Malzemeler!$L$5:$L$100,MATCH($B26,Malzemeler!$A$5:$A$100,0))="","Bilinmiyor",INDEX(Malzemeler!$L$5:$L$100,MATCH($B26,Malzemeler!$A$5:$A$100,0))),"Bilinmiyor")) | K26: =IF($B26="","",IFERROR(IF(INDEX(Malzemeler!$M$5:$M$100,MATCH($B26,Malzemeler!$A$5:$A$100,0))="","Bilinmiyor",INDEX(Malzemeler!$M$5:$M$100,MATCH($B26,Malzemeler!$A$5:$A$100,0))),"Bilinmiyor")) | L26: =IF($B26="","",IFERROR(IF(INDEX(Malzemeler!$N$5:$N$100,MATCH($B26,Malzemeler!$A$5:$A$100,0))="","Bilinmiyor",INDEX(Malzemeler!$N$5:$N$100,MATCH($B26,Malzemeler!$A$5:$A$100,0))),"Bilinmiyor")) | M26: =IF($B26="","",IFERROR(IF(INDEX(Malzemeler!$O$5:$O$100,MATCH($B26,Malzemeler!$A$5:$A$100,0))="","Bilinmiyor",INDEX(Malzemeler!$O$5:$O$100,MATCH($B26,Malzemeler!$A$5:$A$100,0))),"Bilinmiyor")) | N26: =IF($B26="","",IFERROR(IF(INDEX(Malzemeler!$P$5:$P$100,MATCH($B26,Malzemeler!$A$5:$A$100,0))="","Bilinmiyor",INDEX(Malzemeler!$P$5:$P$100,MATCH($B26,Malzemeler!$A$5:$A$100,0))),"Bilinmiyor")) | O26: =IF($B26="","",IFERROR(IF(INDEX(Malzemeler!$Q$5:$Q$100,MATCH($B26,Malzemeler!$A$5:$A$100,0))="","Bilinmiyor",INDEX(Malzemeler!$Q$5:$Q$100,MATCH($B26,Malzemeler!$A$5:$A$100,0))),"Bilinmiyor")) | P26: =IF($B26="","",IFERROR(IF(INDEX(Malzemeler!$R$5:$R$100,MATCH($B26,Malzemeler!$A$5:$A$100,0))="","Bilinmiyor",INDEX(Malzemeler!$R$5:$R$100,MATCH($B26,Malzemeler!$A$5:$A$100,0))),"Bilinmiyor"))
C27: =IF($B27="","",IFERROR(IF(INDEX(Malzemeler!$E$5:$E$100,MATCH($B27,Malzemeler!$A$5:$A$100,0))="","Bilinmiyor",INDEX(Malzemeler!$E$5:$E$100,MATCH($B27,Malzemeler!$A$5:$A$100,0))),"Bilinmiyor")) | D27: =IF($B27="","",IFERROR(IF(INDEX(Malzemeler!$F$5:$F$100,MATCH($B27,Malzemeler!$A$5:$A$100,0))="","Bilinmiyor",INDEX(Malzemeler!$F$5:$F$100,MATCH($B27,Malzemeler!$A$5:$A$100,0))),"Bilinmiyor")) | E27: =IF($B27="","",IFERROR(IF(INDEX(Malzemeler!$G$5:$G$100,MATCH($B27,Malzemeler!$A$5:$A$100,0))="","Bilinmiyor",INDEX(Malzemeler!$G$5:$G$100,MATCH($B27,Malzemeler!$A$5:$A$100,0))),"Bilinmiyor")) | F27: =IF($B27="","",IFERROR(IF(INDEX(Malzemeler!$H$5:$H$100,MATCH($B27,Malzemeler!$A$5:$A$100,0))="","Bilinmiyor",INDEX(Malzemeler!$H$5:$H$100,MATCH($B27,Malzemeler!$A$5:$A$100,0))),"Bilinmiyor")) | G27: =IF($B27="","",IFERROR(IF(INDEX(Malzemeler!$I$5:$I$100,MATCH($B27,Malzemeler!$A$5:$A$100,0))="","Bilinmiyor",INDEX(Malzemeler!$I$5:$I$100,MATCH($B27,Malzemeler!$A$5:$A$100,0))),"Bilinmiyor")) | H27: =IF($B27="","",IFERROR(IF(INDEX(Malzemeler!$J$5:$J$100,MATCH($B27,Malzemeler!$A$5:$A$100,0))="","Bilinmiyor",INDEX(Malzemeler!$J$5:$J$100,MATCH($B27,Malzemeler!$A$5:$A$100,0))),"Bilinmiyor")) | I27: =IF($B27="","",IFERROR(IF(INDEX(Malzemeler!$K$5:$K$100,MATCH($B27,Malzemeler!$A$5:$A$100,0))="","Bilinmiyor",INDEX(Malzemeler!$K$5:$K$100,MATCH($B27,Malzemeler!$A$5:$A$100,0))),"Bilinmiyor")) | J27: =IF($B27="","",IFERROR(IF(INDEX(Malzemeler!$L$5:$L$100,MATCH($B27,Malzemeler!$A$5:$A$100,0))="","Bilinmiyor",INDEX(Malzemeler!$L$5:$L$100,MATCH($B27,Malzemeler!$A$5:$A$100,0))),"Bilinmiyor")) | K27: =IF($B27="","",IFERROR(IF(INDEX(Malzemeler!$M$5:$M$100,MATCH($B27,Malzemeler!$A$5:$A$100,0))="","Bilinmiyor",INDEX(Malzemeler!$M$5:$M$100,MATCH($B27,Malzemeler!$A$5:$A$100,0))),"Bilinmiyor")) | L27: =IF($B27="","",IFERROR(IF(INDEX(Malzemeler!$N$5:$N$100,MATCH($B27,Malzemeler!$A$5:$A$100,0))="","Bilinmiyor",INDEX(Malzemeler!$N$5:$N$100,MATCH($B27,Malzemeler!$A$5:$A$100,0))),"Bilinmiyor")) | M27: =IF($B27="","",IFERROR(IF(INDEX(Malzemeler!$O$5:$O$100,MATCH($B27,Malzemeler!$A$5:$A$100,0))="","Bilinmiyor",INDEX(Malzemeler!$O$5:$O$100,MATCH($B27,Malzemeler!$A$5:$A$100,0))),"Bilinmiyor")) | N27: =IF($B27="","",IFERROR(IF(INDEX(Malzemeler!$P$5:$P$100,MATCH($B27,Malzemeler!$A$5:$A$100,0))="","Bilinmiyor",INDEX(Malzemeler!$P$5:$P$100,MATCH($B27,Malzemeler!$A$5:$A$100,0))),"Bilinmiyor")) | O27: =IF($B27="","",IFERROR(IF(INDEX(Malzemeler!$Q$5:$Q$100,MATCH($B27,Malzemeler!$A$5:$A$100,0))="","Bilinmiyor",INDEX(Malzemeler!$Q$5:$Q$100,MATCH($B27,Malzemeler!$A$5:$A$100,0))),"Bilinmiyor")) | P27: =IF($B27="","",IFERROR(IF(INDEX(Malzemeler!$R$5:$R$100,MATCH($B27,Malzemeler!$A$5:$A$100,0))="","Bilinmiyor",INDEX(Malzemeler!$R$5:$R$100,MATCH($B27,Malzemeler!$A$5:$A$100,0))),"Bilinmiyor"))
C28: =IF($B28="","",IFERROR(IF(INDEX(Malzemeler!$E$5:$E$100,MATCH($B28,Malzemeler!$A$5:$A$100,0))="","Bilinmiyor",INDEX(Malzemeler!$E$5:$E$100,MATCH($B28,Malzemeler!$A$5:$A$100,0))),"Bilinmiyor")) | D28: =IF($B28="","",IFERROR(IF(INDEX(Malzemeler!$F$5:$F$100,MATCH($B28,Malzemeler!$A$5:$A$100,0))="","Bilinmiyor",INDEX(Malzemeler!$F$5:$F$100,MATCH($B28,Malzemeler!$A$5:$A$100,0))),"Bilinmiyor")) | E28: =IF($B28="","",IFERROR(IF(INDEX(Malzemeler!$G$5:$G$100,MATCH($B28,Malzemeler!$A$5:$A$100,0))="","Bilinmiyor",INDEX(Malzemeler!$G$5:$G$100,MATCH($B28,Malzemeler!$A$5:$A$100,0))),"Bilinmiyor")) | F28: =IF($B28="","",IFERROR(IF(INDEX(Malzemeler!$H$5:$H$100,MATCH($B28,Malzemeler!$A$5:$A$100,0))="","Bilinmiyor",INDEX(Malzemeler!$H$5:$H$100,MATCH($B28,Malzemeler!$A$5:$A$100,0))),"Bilinmiyor")) | G28: =IF($B28="","",IFERROR(IF(INDEX(Malzemeler!$I$5:$I$100,MATCH($B28,Malzemeler!$A$5:$A$100,0))="","Bilinmiyor",INDEX(Malzemeler!$I$5:$I$100,MATCH($B28,Malzemeler!$A$5:$A$100,0))),"Bilinmiyor")) | H28: =IF($B28="","",IFERROR(IF(INDEX(Malzemeler!$J$5:$J$100,MATCH($B28,Malzemeler!$A$5:$A$100,0))="","Bilinmiyor",INDEX(Malzemeler!$J$5:$J$100,MATCH($B28,Malzemeler!$A$5:$A$100,0))),"Bilinmiyor")) | I28: =IF($B28="","",IFERROR(IF(INDEX(Malzemeler!$K$5:$K$100,MATCH($B28,Malzemeler!$A$5:$A$100,0))="","Bilinmiyor",INDEX(Malzemeler!$K$5:$K$100,MATCH($B28,Malzemeler!$A$5:$A$100,0))),"Bilinmiyor")) | J28: =IF($B28="","",IFERROR(IF(INDEX(Malzemeler!$L$5:$L$100,MATCH($B28,Malzemeler!$A$5:$A$100,0))="","Bilinmiyor",INDEX(Malzemeler!$L$5:$L$100,MATCH($B28,Malzemeler!$A$5:$A$100,0))),"Bilinmiyor")) | K28: =IF($B28="","",IFERROR(IF(INDEX(Malzemeler!$M$5:$M$100,MATCH($B28,Malzemeler!$A$5:$A$100,0))="","Bilinmiyor",INDEX(Malzemeler!$M$5:$M$100,MATCH($B28,Malzemeler!$A$5:$A$100,0))),"Bilinmiyor")) | L28: =IF($B28="","",IFERROR(IF(INDEX(Malzemeler!$N$5:$N$100,MATCH($B28,Malzemeler!$A$5:$A$100,0))="","Bilinmiyor",INDEX(Malzemeler!$N$5:$N$100,MATCH($B28,Malzemeler!$A$5:$A$100,0))),"Bilinmiyor")) | M28: =IF($B28="","",IFERROR(IF(INDEX(Malzemeler!$O$5:$O$100,MATCH($B28,Malzemeler!$A$5:$A$100,0))="","Bilinmiyor",INDEX(Malzemeler!$O$5:$O$100,MATCH($B28,Malzemeler!$A$5:$A$100,0))),"Bilinmiyor")) | N28: =IF($B28="","",IFERROR(IF(INDEX(Malzemeler!$P$5:$P$100,MATCH($B28,Malzemeler!$A$5:$A$100,0))="","Bilinmiyor",INDEX(Malzemeler!$P$5:$P$100,MATCH($B28,Malzemeler!$A$5:$A$100,0))),"Bilinmiyor")) | O28: =IF($B28="","",IFERROR(IF(INDEX(Malzemeler!$Q$5:$Q$100,MATCH($B28,Malzemeler!$A$5:$A$100,0))="","Bilinmiyor",INDEX(Malzemeler!$Q$5:$Q$100,MATCH($B28,Malzemeler!$A$5:$A$100,0))),"Bilinmiyor")) | P28: =IF($B28="","",IFERROR(IF(INDEX(Malzemeler!$R$5:$R$100,MATCH($B28,Malzemeler!$A$5:$A$100,0))="","Bilinmiyor",INDEX(Malzemeler!$R$5:$R$100,MATCH($B28,Malzemeler!$A$5:$A$100,0))),"Bilinmiyor"))
C29: =IF($B29="","",IFERROR(IF(INDEX(Malzemeler!$E$5:$E$100,MATCH($B29,Malzemeler!$A$5:$A$100,0))="","Bilinmiyor",INDEX(Malzemeler!$E$5:$E$100,MATCH($B29,Malzemeler!$A$5:$A$100,0))),"Bilinmiyor")) | D29: =IF($B29="","",IFERROR(IF(INDEX(Malzemeler!$F$5:$F$100,MATCH($B29,Malzemeler!$A$5:$A$100,0))="","Bilinmiyor",INDEX(Malzemeler!$F$5:$F$100,MATCH($B29,Malzemeler!$A$5:$A$100,0))),"Bilinmiyor")) | E29: =IF($B29="","",IFERROR(IF(INDEX(Malzemeler!$G$5:$G$100,MATCH($B29,Malzemeler!$A$5:$A$100,0))="","Bilinmiyor",INDEX(Malzemeler!$G$5:$G$100,MATCH($B29,Malzemeler!$A$5:$A$100,0))),"Bilinmiyor")) | F29: =IF($B29="","",IFERROR(IF(INDEX(Malzemeler!$H$5:$H$100,MATCH($B29,Malzemeler!$A$5:$A$100,0))="","Bilinmiyor",INDEX(Malzemeler!$H$5:$H$100,MATCH($B29,Malzemeler!$A$5:$A$100,0))),"Bilinmiyor")) | G29: =IF($B29="","",IFERROR(IF(INDEX(Malzemeler!$I$5:$I$100,MATCH($B29,Malzemeler!$A$5:$A$100,0))="","Bilinmiyor",INDEX(Malzemeler!$I$5:$I$100,MATCH($B29,Malzemeler!$A$5:$A$100,0))),"Bilinmiyor")) | H29: =IF($B29="","",IFERROR(IF(INDEX(Malzemeler!$J$5:$J$100,MATCH($B29,Malzemeler!$A$5:$A$100,0))="","Bilinmiyor",INDEX(Malzemeler!$J$5:$J$100,MATCH($B29,Malzemeler!$A$5:$A$100,0))),"Bilinmiyor")) | I29: =IF($B29="","",IFERROR(IF(INDEX(Malzemeler!$K$5:$K$100,MATCH($B29,Malzemeler!$A$5:$A$100,0))="","Bilinmiyor",INDEX(Malzemeler!$K$5:$K$100,MATCH($B29,Malzemeler!$A$5:$A$100,0))),"Bilinmiyor")) | J29: =IF($B29="","",IFERROR(IF(INDEX(Malzemeler!$L$5:$L$100,MATCH($B29,Malzemeler!$A$5:$A$100,0))="","Bilinmiyor",INDEX(Malzemeler!$L$5:$L$100,MATCH($B29,Malzemeler!$A$5:$A$100,0))),"Bilinmiyor")) | K29: =IF($B29="","",IFERROR(IF(INDEX(Malzemeler!$M$5:$M$100,MATCH($B29,Malzemeler!$A$5:$A$100,0))="","Bilinmiyor",INDEX(Malzemeler!$M$5:$M$100,MATCH($B29,Malzemeler!$A$5:$A$100,0))),"Bilinmiyor")) | L29: =IF($B29="","",IFERROR(IF(INDEX(Malzemeler!$N$5:$N$100,MATCH($B29,Malzemeler!$A$5:$A$100,0))="","Bilinmiyor",INDEX(Malzemeler!$N$5:$N$100,MATCH($B29,Malzemeler!$A$5:$A$100,0))),"Bilinmiyor")) | M29: =IF($B29="","",IFERROR(IF(INDEX(Malzemeler!$O$5:$O$100,MATCH($B29,Malzemeler!$A$5:$A$100,0))="","Bilinmiyor",INDEX(Malzemeler!$O$5:$O$100,MATCH($B29,Malzemeler!$A$5:$A$100,0))),"Bilinmiyor")) | N29: =IF($B29="","",IFERROR(IF(INDEX(Malzemeler!$P$5:$P$100,MATCH($B29,Malzemeler!$A$5:$A$100,0))="","Bilinmiyor",INDEX(Malzemeler!$P$5:$P$100,MATCH($B29,Malzemeler!$A$5:$A$100,0))),"Bilinmiyor")) | O29: =IF($B29="","",IFERROR(IF(INDEX(Malzemeler!$Q$5:$Q$100,MATCH($B29,Malzemeler!$A$5:$A$100,0))="","Bilinmiyor",INDEX(Malzemeler!$Q$5:$Q$100,MATCH($B29,Malzemeler!$A$5:$A$100,0))),"Bilinmiyor")) | P29: =IF($B29="","",IFERROR(IF(INDEX(Malzemeler!$R$5:$R$100,MATCH($B29,Malzemeler!$A$5:$A$100,0))="","Bilinmiyor",INDEX(Malzemeler!$R$5:$R$100,MATCH($B29,Malzemeler!$A$5:$A$100,0))),"Bilinmiyor"))
C30: =IF($B30="","",IFERROR(IF(INDEX(Malzemeler!$E$5:$E$100,MATCH($B30,Malzemeler!$A$5:$A$100,0))="","Bilinmiyor",INDEX(Malzemeler!$E$5:$E$100,MATCH($B30,Malzemeler!$A$5:$A$100,0))),"Bilinmiyor")) | D30: =IF($B30="","",IFERROR(IF(INDEX(Malzemeler!$F$5:$F$100,MATCH($B30,Malzemeler!$A$5:$A$100,0))="","Bilinmiyor",INDEX(Malzemeler!$F$5:$F$100,MATCH($B30,Malzemeler!$A$5:$A$100,0))),"Bilinmiyor")) | E30: =IF($B30="","",IFERROR(IF(INDEX(Malzemeler!$G$5:$G$100,MATCH($B30,Malzemeler!$A$5:$A$100,0))="","Bilinmiyor",INDEX(Malzemeler!$G$5:$G$100,MATCH($B30,Malzemeler!$A$5:$A$100,0))),"Bilinmiyor")) | F30: =IF($B30="","",IFERROR(IF(INDEX(Malzemeler!$H$5:$H$100,MATCH($B30,Malzemeler!$A$5:$A$100,0))="","Bilinmiyor",INDEX(Malzemeler!$H$5:$H$100,MATCH($B30,Malzemeler!$A$5:$A$100,0))),"Bilinmiyor")) | G30: =IF($B30="","",IFERROR(IF(INDEX(Malzemeler!$I$5:$I$100,MATCH($B30,Malzemeler!$A$5:$A$100,0))="","Bilinmiyor",INDEX(Malzemeler!$I$5:$I$100,MATCH($B30,Malzemeler!$A$5:$A$100,0))),"Bilinmiyor")) | H30: =IF($B30="","",IFERROR(IF(INDEX(Malzemeler!$J$5:$J$100,MATCH($B30,Malzemeler!$A$5:$A$100,0))="","Bilinmiyor",INDEX(Malzemeler!$J$5:$J$100,MATCH($B30,Malzemeler!$A$5:$A$100,0))),"Bilinmiyor")) | I30: =IF($B30="","",IFERROR(IF(INDEX(Malzemeler!$K$5:$K$100,MATCH($B30,Malzemeler!$A$5:$A$100,0))="","Bilinmiyor",INDEX(Malzemeler!$K$5:$K$100,MATCH($B30,Malzemeler!$A$5:$A$100,0))),"Bilinmiyor")) | J30: =IF($B30="","",IFERROR(IF(INDEX(Malzemeler!$L$5:$L$100,MATCH($B30,Malzemeler!$A$5:$A$100,0))="","Bilinmiyor",INDEX(Malzemeler!$L$5:$L$100,MATCH($B30,Malzemeler!$A$5:$A$100,0))),"Bilinmiyor")) | K30: =IF($B30="","",IFERROR(IF(INDEX(Malzemeler!$M$5:$M$100,MATCH($B30,Malzemeler!$A$5:$A$100,0))="","Bilinmiyor",INDEX(Malzemeler!$M$5:$M$100,MATCH($B30,Malzemeler!$A$5:$A$100,0))),"Bilinmiyor")) | L30: =IF($B30="","",IFERROR(IF(INDEX(Malzemeler!$N$5:$N$100,MATCH($B30,Malzemeler!$A$5:$A$100,0))="","Bilinmiyor",INDEX(Malzemeler!$N$5:$N$100,MATCH($B30,Malzemeler!$A$5:$A$100,0))),"Bilinmiyor")) | M30: =IF($B30="","",IFERROR(IF(INDEX(Malzemeler!$O$5:$O$100,MATCH($B30,Malzemeler!$A$5:$A$100,0))="","Bilinmiyor",INDEX(Malzemeler!$O$5:$O$100,MATCH($B30,Malzemeler!$A$5:$A$100,0))),"Bilinmiyor")) | N30: =IF($B30="","",IFERROR(IF(INDEX(Malzemeler!$P$5:$P$100,MATCH($B30,Malzemeler!$A$5:$A$100,0))="","Bilinmiyor",INDEX(Malzemeler!$P$5:$P$100,MATCH($B30,Malzemeler!$A$5:$A$100,0))),"Bilinmiyor")) | O30: =IF($B30="","",IFERROR(IF(INDEX(Malzemeler!$Q$5:$Q$100,MATCH($B30,Malzemeler!$A$5:$A$100,0))="","Bilinmiyor",INDEX(Malzemeler!$Q$5:$Q$100,MATCH($B30,Malzemeler!$A$5:$A$100,0))),"Bilinmiyor")) | P30: =IF($B30="","",IFERROR(IF(INDEX(Malzemeler!$R$5:$R$100,MATCH($B30,Malzemeler!$A$5:$A$100,0))="","Bilinmiyor",INDEX(Malzemeler!$R$5:$R$100,MATCH($B30,Malzemeler!$A$5:$A$100,0))),"Bilinmiyor"))
... C400: =IF($B400="","",IFERROR(IF(INDEX(Malzemeler!$E$5:$E$100,MATCH($B400,Malzemeler!$A$5:$A$100,0))="","Bilinmiyor",INDEX(Malzemeler!$E$5:$E$100,MATCH($B400,Malzemeler!$A$5:$A$100,0))),"Bilinmiyor")) | D400: =IF($B400="","",IFERROR(IF(INDEX(Malzemeler!$F$5:$F$100,MATCH($B400,Malzemeler!$A$5:$A$100,0))="","Bilinmiyor",INDEX(Malzemeler!$F$5:$F$100,MATCH($B400,Malzemeler!$A$5:$A$100,0))),"Bilinmiyor")) | E400: =IF($B400="","",IFERROR(IF(INDEX(Malzemeler!$G$5:$G$100,MATCH($B400,Malzemeler!$A$5:$A$100,0))="","Bilinmiyor",INDEX(Malzemeler!$G$5:$G$100,MATCH($B400,Malzemeler!$A$5:$A$100,0))),"Bilinmiyor")) | F400: =IF($B400="","",IFERROR(IF(INDEX(Malzemeler!$H$5:$H$100,MATCH($B400,Malzemeler!$A$5:$A$100,0))="","Bilinmiyor",INDEX(Malzemeler!$H$5:$H$100,MATCH($B400,Malzemeler!$A$5:$A$100,0))),"Bilinmiyor")) | G400: =IF($B400="","",IFERROR(IF(INDEX(Malzemeler!$I$5:$I$100,MATCH($B400,Malzemeler!$A$5:$A$100,0))="","Bilinmiyor",INDEX(Malzemeler!$I$5:$I$100,MATCH($B400,Malzemeler!$A$5:$A$100,0))),"Bilinmiyor")) | H400: =IF($B400="","",IFERROR(IF(INDEX(Malzemeler!$J$5:$J$100,MATCH($B400,Malzemeler!$A$5:$A$100,0))="","Bilinmiyor",INDEX(Malzemeler!$J$5:$J$100,MATCH($B400,Malzemeler!$A$5:$A$100,0))),"Bilinmiyor")) | I400: =IF($B400="","",IFERROR(IF(INDEX(Malzemeler!$K$5:$K$100,MATCH($B400,Malzemeler!$A$5:$A$100,0))="","Bilinmiyor",INDEX(Malzemeler!$K$5:$K$100,MATCH($B400,Malzemeler!$A$5:$A$100,0))),"Bilinmiyor")) | J400: =IF($B400="","",IFERROR(IF(INDEX(Malzemeler!$L$5:$L$100,MATCH($B400,Malzemeler!$A$5:$A$100,0))="","Bilinmiyor",INDEX(Malzemeler!$L$5:$L$100,MATCH($B400,Malzemeler!$A$5:$A$100,0))),"Bilinmiyor")) | K400: =IF($B400="","",IFERROR(IF(INDEX(Malzemeler!$M$5:$M$100,MATCH($B400,Malzemeler!$A$5:$A$100,0))="","Bilinmiyor",INDEX(Malzemeler!$M$5:$M$100,MATCH($B400,Malzemeler!$A$5:$A$100,0))),"Bilinmiyor")) | L400: =IF($B400="","",IFERROR(IF(INDEX(Malzemeler!$N$5:$N$100,MATCH($B400,Malzemeler!$A$5:$A$100,0))="","Bilinmiyor",INDEX(Malzemeler!$N$5:$N$100,MATCH($B400,Malzemeler!$A$5:$A$100,0))),"Bilinmiyor")) | M400: =IF($B400="","",IFERROR(IF(INDEX(Malzemeler!$O$5:$O$100,MATCH($B400,Malzemeler!$A$5:$A$100,0))="","Bilinmiyor",INDEX(Malzemeler!$O$5:$O$100,MATCH($B400,Malzemeler!$A$5:$A$100,0))),"Bilinmiyor")) | N400: =IF($B400="","",IFERROR(IF(INDEX(Malzemeler!$P$5:$P$100,MATCH($B400,Malzemeler!$A$5:$A$100,0))="","Bilinmiyor",INDEX(Malzemeler!$P$5:$P$100,MATCH($B400,Malzemeler!$A$5:$A$100,0))),"Bilinmiyor")) | O400: =IF($B400="","",IFERROR(IF(INDEX(Malzemeler!$Q$5:$Q$100,MATCH($B400,Malzemeler!$A$5:$A$100,0))="","Bilinmiyor",INDEX(Malzemeler!$Q$5:$Q$100,MATCH($B400,Malzemeler!$A$5:$A$100,0))),"Bilinmiyor")) | P400: =IF($B400="","",IFERROR(IF(INDEX(Malzemeler!$R$5:$R$100,MATCH($B400,Malzemeler!$A$5:$A$100,0))="","Bilinmiyor",INDEX(Malzemeler!$R$5:$R$100,MATCH($B400,Malzemeler!$A$5:$A$100,0))),"Bilinmiyor"))

Sheet Alerjen Matrisi
A1: Menü Alerjen Matrisi
A2: A sütununa menüdeki ürün adlarını yazın. Diğer sütunlar Reçeteler ve Malzemeler sayfalarından otomatik hesaplanır.
A4: Ürün | B4: Gluten | C4: Kabuklular | D4: Yumurta | E4: Balık | F4: Yer fıstığı | G4: Soya | H4: Süt | I4: Sert kabuklu | J4: Kereviz | K4: Hardal | L4: Susam | M4: Sülfit | N4: Acı bakla | O4: Yumuşakçalar | P4: Malzeme sayısı | Q4: Durum
A5: Örnek: Klasik Tavuk Burger | B5: =IF($A5="","",IF(COUNTIF(Reçeteler!$A$5:$A$400,$A5)=0,"Bilinmiyor",IF(COUNTIFS(Reçeteler!$A$5:$A$400,$A5,Reçeteler!$C$5:$C$400,"Var")>0,"Var",IF(COUNTIFS(Reçeteler!$A$5:$A$400,$A5,Reçeteler!$C$5:$C$400,"Bilinmiyor")>0,"Bilinmiyor",IF(COUNTIFS(Reçeteler!$A$5:$A$400,$A5,Reçeteler!$C$5:$C$400,"Eser")>0,"Eser","Yok"))))) | C5: =IF($A5="","",IF(COUNTIF(Reçeteler!$A$5:$A$400,$A5)=0,"Bilinmiyor",IF(COUNTIFS(Reçeteler!$A$5:$A$400,$A5,Reçeteler!$D$5:$D$400,"Var")>0,"Var",IF(COUNTIFS(Reçeteler!$A$5:$A$400,$A5,Reçeteler!$D$5:$D$400,"Bilinmiyor")>0,"Bilinmiyor",IF(COUNTIFS(Reçeteler!$A$5:$A$400,$A5,Reçeteler!$D$5:$D$400,"Eser")>0,"Eser","Yok"))))) | D5: =IF($A5="","",IF(COUNTIF(Reçeteler!$A$5:$A$400,$A5)=0,"Bilinmiyor",IF(COUNTIFS(Reçeteler!$A$5:$A$400,$A5,Reçeteler!$E$5:$E$400,"Var")>0,"Var",IF(COUNTIFS(Reçeteler!$A$5:$A$400,$A5,Reçeteler!$E$5:$E$400,"Bilinmiyor")>0,"Bilinmiyor",IF(COUNTIFS(Reçeteler!$A$5:$A$400,$A5,Reçeteler!$E$5:$E$400,"Eser")>0,"Eser","Yok"))))) | E5: =IF($A5="","",IF(COUNTIF(Reçeteler!$A$5:$A$400,$A5)=0,"Bilinmiyor",IF(COUNTIFS(Reçeteler!$A$5:$A$400,$A5,Reçeteler!$F$5:$F$400,"Var")>0,"Var",IF(COUNTIFS(Reçeteler!$A$5:$A$400,$A5,Reçeteler!$F$5:$F$400,"Bilinmiyor")>0,"Bilinmiyor",IF(COUNTIFS(Reçeteler!$A$5:$A$400,$A5,Reçeteler!$F$5:$F$400,"Eser")>0,"Eser","Yok"))))) | F5: =IF($A5="","",IF(COUNTIF(Reçeteler!$A$5:$A$400,$A5)=0,"Bilinmiyor",IF(COUNTIFS(Reçeteler!$A$5:$A$400,$A5,Reçeteler!$G$5:$G$400,"Var")>0,"Var",IF(COUNTIFS(Reçeteler!$A$5:$A$400,$A5,Reçeteler!$G$5:$G$400,"Bilinmiyor")>0,"Bilinmiyor",IF(COUNTIFS(Reçeteler!$A$5:$A$400,$A5,Reçeteler!$G$5:$G$400,"Eser")>0,"Eser","Yok"))))) | G5: =IF($A5="","",IF(COUNTIF(Reçeteler!$A$5:$A$400,$A5)=0,"Bilinmiyor",IF(COUNTIFS(Reçeteler!$A$5:$A$400,$A5,Reçeteler!$H$5:$H$400,"Var")>0,"Var",IF(COUNTIFS(Reçeteler!$A$5:$A$400,$A5,Reçeteler!$H$5:$H$400,"Bilinmiyor")>0,"Bilinmiyor",IF(COUNTIFS(Reçeteler!$A$5:$A$400,$A5,Reçeteler!$H$5:$H$400,"Eser")>0,"Eser","Yok"))))) | H5: =IF($A5="","",IF(COUNTIF(Reçeteler!$A$5:$A$400,$A5)=0,"Bilinmiyor",IF(COUNTIFS(Reçeteler!$A$5:$A$400,$A5,Reçeteler!$I$5:$I$400,"Var")>0,"Var",IF(COUNTIFS(Reçeteler!$A$5:$A$400,$A5,Reçeteler!$I$5:$I$400,"Bilinmiyor")>0,"Bilinmiyor",IF(COUNTIFS(Reçeteler!$A$5:$A$400,$A5,Reçeteler!$I$5:$I$400,"Eser")>0,"Eser","Yok"))))) | I5: =IF($A5="","",IF(COUNTIF(Reçeteler!$A$5:$A$400,$A5)=0,"Bilinmiyor",IF(COUNTIFS(Reçeteler!$A$5:$A$400,$A5,Reçeteler!$J$5:$J$400,"Var")>0,"Var",IF(COUNTIFS(Reçeteler!$A$5:$A$400,$A5,Reçeteler!$J$5:$J$400,"Bilinmiyor")>0,"Bilinmiyor",IF(COUNTIFS(Reçeteler!$A$5:$A$400,$A5,Reçeteler!$J$5:$J$400,"Eser")>0,"Eser","Yok"))))) | J5: =IF($A5="","",IF(COUNTIF(Reçeteler!$A$5:$A$400,$A5)=0,"Bilinmiyor",IF(COUNTIFS(Reçeteler!$A$5:$A$400,$A5,Reçeteler!$K$5:$K$400,"Var")>0,"Var",IF(COUNTIFS(Reçeteler!$A$5:$A$400,$A5,Reçeteler!$K$5:$K$400,"Bilinmiyor")>0,"Bilinmiyor",IF(COUNTIFS(Reçeteler!$A$5:$A$400,$A5,Reçeteler!$K$5:$K$400,"Eser")>0,"Eser","Yok"))))) | K5: =IF($A5="","",IF(COUNTIF(Reçeteler!$A$5:$A$400,$A5)=0,"Bilinmiyor",IF(COUNTIFS(Reçeteler!$A$5:$A$400,$A5,Reçeteler!$L$5:$L$400,"Var")>0,"Var",IF(COUNTIFS(Reçeteler!$A$5:$A$400,$A5,Reçeteler!$L$5:$L$400,"Bilinmiyor")>0,"Bilinmiyor",IF(COUNTIFS(Reçeteler!$A$5:$A$400,$A5,Reçeteler!$L$5:$L$400,"Eser")>0,"Eser","Yok"))))) | L5: =IF($A5="","",IF(COUNTIF(Reçeteler!$A$5:$A$400,$A5)=0,"Bilinmiyor",IF(COUNTIFS(Reçeteler!$A$5:$A$400,$A5,Reçeteler!$M$5:$M$400,"Var")>0,"Var",IF(COUNTIFS(Reçeteler!$A$5:$A$400,$A5,Reçeteler!$M$5:$M$400,"Bilinmiyor")>0,"Bilinmiyor",IF(COUNTIFS(Reçeteler!$A$5:$A$400,$A5,Reçeteler!$M$5:$M$400,"Eser")>0,"Eser","Yok"))))) | M5: =IF($A5="","",IF(COUNTIF(Reçeteler!$A$5:$A$400,$A5)=0,"Bilinmiyor",IF(COUNTIFS(Reçeteler!$A$5:$A$400,$A5,Reçeteler!$N$5:$N$400,"Var")>0,"Var",IF(COUNTIFS(Reçeteler!$A$5:$A$400,$A5,Reçeteler!$N$5:$N$400,"Bilinmiyor")>0,"Bilinmiyor",IF(COUNTIFS(Reçeteler!$A$5:$A$400,$A5,Reçeteler!$N$5:$N$400,"Eser")>0,"Eser","Yok"))))) | N5: =IF($A5="","",IF(COUNTIF(Reçeteler!$A$5:$A$400,$A5)=0,"Bilinmiyor",IF(COUNTIFS(Reçeteler!$A$5:$A$400,$A5,Reçeteler!$O$5:$O$400,"Var")>0,"Var",IF(COUNTIFS(Reçeteler!$A$5:$A$400,$A5,Reçeteler!$O$5:$O$400,"Bilinmiyor")>0,"Bilinmiyor",IF(COUNTIFS(Reçeteler!$A$5:$A$400,$A5,Reçeteler!$O$5:$O$400,"Eser")>0,"Eser","Yok"))))) | O5: =IF($A5="","",IF(COUNTIF(Reçeteler!$A$5:$A$400,$A5)=0,"Bilinmiyor",IF(COUNTIFS(Reçeteler!$A$5:$A$400,$A5,Reçeteler!$P$5:$P$400,"Var")>0,"Var",IF(COUNTIFS(Reçeteler!$A$5:$A$400,$A5,Reçeteler!$P$5:$P$400,"Bilinmiyor")>0,"Bilinmiyor",IF(COUNTIFS(Reçeteler!$A$5:$A$400,$A5,Reçeteler!$P$5:$P$400,"Eser")>0,"Eser","Yok"))))) | P5: =IF($A5="","",COUNTIF(Reçeteler!$A$5:$A$400,$A5)) | Q5: =IF($A5="","",IF(P5=0,"Reçete girilmedi",IF(COUNTIF(B5:O5,"Bilinmiyor")>0,"Eksik kontrol","Hazır")))
A6: Örnek: Nugget (6'lı) | B6: =IF($A6="","",IF(COUNTIF(Reçeteler!$A$5:$A$400,$A6)=0,"Bilinmiyor",IF(COUNTIFS(Reçeteler!$A$5:$A$400,$A6,Reçeteler!$C$5:$C$400,"Var")>0,"Var",IF(COUNTIFS(Reçeteler!$A$5:$A$400,$A6,Reçeteler!$C$5:$C$400,"Bilinmiyor")>0,"Bilinmiyor",IF(COUNTIFS(Reçeteler!$A$5:$A$400,$A6,Reçeteler!$C$5:$C$400,"Eser")>0,"Eser","Yok"))))) | C6: =IF($A6="","",IF(COUNTIF(Reçeteler!$A$5:$A$400,$A6)=0,"Bilinmiyor",IF(COUNTIFS(Reçeteler!$A$5:$A$400,$A6,Reçeteler!$D$5:$D$400,"Var")>0,"Var",IF(COUNTIFS(Reçeteler!$A$5:$A$400,$A6,Reçeteler!$D$5:$D$400,"Bilinmiyor")>0,"Bilinmiyor",IF(COUNTIFS(Reçeteler!$A$5:$A$400,$A6,Reçeteler!$D$5:$D$400,"Eser")>0,"Eser","Yok"))))) | D6: =IF($A6="","",IF(COUNTIF(Reçeteler!$A$5:$A$400,$A6)=0,"Bilinmiyor",IF(COUNTIFS(Reçeteler!$A$5:$A$400,$A6,Reçeteler!$E$5:$E$400,"Var")>0,"Var",IF(COUNTIFS(Reçeteler!$A$5:$A$400,$A6,Reçeteler!$E$5:$E$400,"Bilinmiyor")>0,"Bilinmiyor",IF(COUNTIFS(Reçeteler!$A$5:$A$400,$A6,Reçeteler!$E$5:$E$400,"Eser")>0,"Eser","Yok"))))) | E6: =IF($A6="","",IF(COUNTIF(Reçeteler!$A$5:$A$400,$A6)=0,"Bilinmiyor",IF(COUNTIFS(Reçeteler!$A$5:$A$400,$A6,Reçeteler!$F$5:$F$400,"Var")>0,"Var",IF(COUNTIFS(Reçeteler!$A$5:$A$400,$A6,Reçeteler!$F$5:$F$400,"Bilinmiyor")>0,"Bilinmiyor",IF(COUNTIFS(Reçeteler!$A$5:$A$400,$A6,Reçeteler!$F$5:$F$400,"Eser")>0,"Eser","Yok"))))) | F6: =IF($A6="","",IF(COUNTIF(Reçeteler!$A$5:$A$400,$A6)=0,"Bilinmiyor",IF(COUNTIFS(Reçeteler!$A$5:$A$400,$A6,Reçeteler!$G$5:$G$400,"Var")>0,"Var",IF(COUNTIFS(Reçeteler!$A$5:$A$400,$A6,Reçeteler!$G$5:$G$400,"Bilinmiyor")>0,"Bilinmiyor",IF(COUNTIFS(Reçeteler!$A$5:$A$400,$A6,Reçeteler!$G$5:$G$400,"Eser")>0,"Eser","Yok"))))) | G6: =IF($A6="","",IF(COUNTIF(Reçeteler!$A$5:$A$400,$A6)=0,"Bilinmiyor",IF(COUNTIFS(Reçeteler!$A$5:$A$400,$A6,Reçeteler!$H$5:$H$400,"Var")>0,"Var",IF(COUNTIFS(Reçeteler!$A$5:$A$400,$A6,Reçeteler!$H$5:$H$400,"Bilinmiyor")>0,"Bilinmiyor",IF(COUNTIFS(Reçeteler!$A$5:$A$400,$A6,Reçeteler!$H$5:$H$400,"Eser")>0,"Eser","Yok"))))) | H6: =IF($A6="","",IF(COUNTIF(Reçeteler!$A$5:$A$400,$A6)=0,"Bilinmiyor",IF(COUNTIFS(Reçeteler!$A$5:$A$400,$A6,Reçeteler!$I$5:$I$400,"Var")>0,"Var",IF(COUNTIFS(Reçeteler!$A$5:$A$400,$A6,Reçeteler!$I$5:$I$400,"Bilinmiyor")>0,"Bilinmiyor",IF(COUNTIFS(Reçeteler!$A$5:$A$400,$A6,Reçeteler!$I$5:$I$400,"Eser")>0,"Eser","Yok"))))) | I6: =IF($A6="","",IF(COUNTIF(Reçeteler!$A$5:$A$400,$A6)=0,"Bilinmiyor",IF(COUNTIFS(Reçeteler!$A$5:$A$400,$A6,Reçeteler!$J$5:$J$400,"Var")>0,"Var",IF(COUNTIFS(Reçeteler!$A$5:$A$400,$A6,Reçeteler!$J$5:$J$400,"Bilinmiyor")>0,"Bilinmiyor",IF(COUNTIFS(Reçeteler!$A$5:$A$400,$A6,Reçeteler!$J$5:$J$400,"Eser")>0,"Eser","Yok"))))) | J6: =IF($A6="","",IF(COUNTIF(Reçeteler!$A$5:$A$400,$A6)=0,"Bilinmiyor",IF(COUNTIFS(Reçeteler!$A$5:$A$400,$A6,Reçeteler!$K$5:$K$400,"Var")>0,"Var",IF(COUNTIFS(Reçeteler!$A$5:$A$400,$A6,Reçeteler!$K$5:$K$400,"Bilinmiyor")>0,"Bilinmiyor",IF(COUNTIFS(Reçeteler!$A$5:$A$400,$A6,Reçeteler!$K$5:$K$400,"Eser")>0,"Eser","Yok"))))) | K6: =IF($A6="","",IF(COUNTIF(Reçeteler!$A$5:$A$400,$A6)=0,"Bilinmiyor",IF(COUNTIFS(Reçeteler!$A$5:$A$400,$A6,Reçeteler!$L$5:$L$400,"Var")>0,"Var",IF(COUNTIFS(Reçeteler!$A$5:$A$400,$A6,Reçeteler!$L$5:$L$400,"Bilinmiyor")>0,"Bilinmiyor",IF(COUNTIFS(Reçeteler!$A$5:$A$400,$A6,Reçeteler!$L$5:$L$400,"Eser")>0,"Eser","Yok"))))) | L6: =IF($A6="","",IF(COUNTIF(Reçeteler!$A$5:$A$400,$A6)=0,"Bilinmiyor",IF(COUNTIFS(Reçeteler!$A$5:$A$400,$A6,Reçeteler!$M$5:$M$400,"Var")>0,"Var",IF(COUNTIFS(Reçeteler!$A$5:$A$400,$A6,Reçeteler!$M$5:$M$400,"Bilinmiyor")>0,"Bilinmiyor",IF(COUNTIFS(Reçeteler!$A$5:$A$400,$A6,Reçeteler!$M$5:$M$400,"Eser")>0,"Eser","Yok"))))) | M6: =IF($A6="","",IF(COUNTIF(Reçeteler!$A$5:$A$400,$A6)=0,"Bilinmiyor",IF(COUNTIFS(Reçeteler!$A$5:$A$400,$A6,Reçeteler!$N$5:$N$400,"Var")>0,"Var",IF(COUNTIFS(Reçeteler!$A$5:$A$400,$A6,Reçeteler!$N$5:$N$400,"Bilinmiyor")>0,"Bilinmiyor",IF(COUNTIFS(Reçeteler!$A$5:$A$400,$A6,Reçeteler!$N$5:$N$400,"Eser")>0,"Eser","Yok"))))) | N6: =IF($A6="","",IF(COUNTIF(Reçeteler!$A$5:$A$400,$A6)=0,"Bilinmiyor",IF(COUNTIFS(Reçeteler!$A$5:$A$400,$A6,Reçeteler!$O$5:$O$400,"Var")>0,"Var",IF(COUNTIFS(Reçeteler!$A$5:$A$400,$A6,Reçeteler!$O$5:$O$400,"Bilinmiyor")>0,"Bilinmiyor",IF(COUNTIFS(Reçeteler!$A$5:$A$400,$A6,Reçeteler!$O$5:$O$400,"Eser")>0,"Eser","Yok"))))) | O6: =IF($A6="","",IF(COUNTIF(Reçeteler!$A$5:$A$400,$A6)=0,"Bilinmiyor",IF(COUNTIFS(Reçeteler!$A$5:$A$400,$A6,Reçeteler!$P$5:$P$400,"Var")>0,"Var",IF(COUNTIFS(Reçeteler!$A$5:$A$400,$A6,Reçeteler!$P$5:$P$400,"Bilinmiyor")>0,"Bilinmiyor",IF(COUNTIFS(Reçeteler!$A$5:$A$400,$A6,Reçeteler!$P$5:$P$400,"Eser")>0,"Eser","Yok"))))) | P6: =IF($A6="","",COUNTIF(Reçeteler!$A$5:$A$400,$A6)) | Q6: =IF($A6="","",IF(P6=0,"Reçete girilmedi",IF(COUNTIF(B6:O6,"Bilinmiyor")>0,"Eksik kontrol","Hazır")))
A7: Örnek: Patates Kızartması | B7: =IF($A7="","",IF(COUNTIF(Reçeteler!$A$5:$A$400,$A7)=0,"Bilinmiyor",IF(COUNTIFS(Reçeteler!$A$5:$A$400,$A7,Reçeteler!$C$5:$C$400,"Var")>0,"Var",IF(COUNTIFS(Reçeteler!$A$5:$A$400,$A7,Reçeteler!$C$5:$C$400,"Bilinmiyor")>0,"Bilinmiyor",IF(COUNTIFS(Reçeteler!$A$5:$A$400,$A7,Reçeteler!$C$5:$C$400,"Eser")>0,"Eser","Yok"))))) | C7: =IF($A7="","",IF(COUNTIF(Reçeteler!$A$5:$A$400,$A7)=0,"Bilinmiyor",IF(COUNTIFS(Reçeteler!$A$5:$A$400,$A7,Reçeteler!$D$5:$D$400,"Var")>0,"Var",IF(COUNTIFS(Reçeteler!$A$5:$A$400,$A7,Reçeteler!$D$5:$D$400,"Bilinmiyor")>0,"Bilinmiyor",IF(COUNTIFS(Reçeteler!$A$5:$A$400,$A7,Reçeteler!$D$5:$D$400,"Eser")>0,"Eser","Yok"))))) | D7: =IF($A7="","",IF(COUNTIF(Reçeteler!$A$5:$A$400,$A7)=0,"Bilinmiyor",IF(COUNTIFS(Reçeteler!$A$5:$A$400,$A7,Reçeteler!$E$5:$E$400,"Var")>0,"Var",IF(COUNTIFS(Reçeteler!$A$5:$A$400,$A7,Reçeteler!$E$5:$E$400,"Bilinmiyor")>0,"Bilinmiyor",IF(COUNTIFS(Reçeteler!$A$5:$A$400,$A7,Reçeteler!$E$5:$E$400,"Eser")>0,"Eser","Yok"))))) | E7: =IF($A7="","",IF(COUNTIF(Reçeteler!$A$5:$A$400,$A7)=0,"Bilinmiyor",IF(COUNTIFS(Reçeteler!$A$5:$A$400,$A7,Reçeteler!$F$5:$F$400,"Var")>0,"Var",IF(COUNTIFS(Reçeteler!$A$5:$A$400,$A7,Reçeteler!$F$5:$F$400,"Bilinmiyor")>0,"Bilinmiyor",IF(COUNTIFS(Reçeteler!$A$5:$A$400,$A7,Reçeteler!$F$5:$F$400,"Eser")>0,"Eser","Yok"))))) | F7: =IF($A7="","",IF(COUNTIF(Reçeteler!$A$5:$A$400,$A7)=0,"Bilinmiyor",IF(COUNTIFS(Reçeteler!$A$5:$A$400,$A7,Reçeteler!$G$5:$G$400,"Var")>0,"Var",IF(COUNTIFS(Reçeteler!$A$5:$A$400,$A7,Reçeteler!$G$5:$G$400,"Bilinmiyor")>0,"Bilinmiyor",IF(COUNTIFS(Reçeteler!$A$5:$A$400,$A7,Reçeteler!$G$5:$G$400,"Eser")>0,"Eser","Yok"))))) | G7: =IF($A7="","",IF(COUNTIF(Reçeteler!$A$5:$A$400,$A7)=0,"Bilinmiyor",IF(COUNTIFS(Reçeteler!$A$5:$A$400,$A7,Reçeteler!$H$5:$H$400,"Var")>0,"Var",IF(COUNTIFS(Reçeteler!$A$5:$A$400,$A7,Reçeteler!$H$5:$H$400,"Bilinmiyor")>0,"Bilinmiyor",IF(COUNTIFS(Reçeteler!$A$5:$A$400,$A7,Reçeteler!$H$5:$H$400,"Eser")>0,"Eser","Yok"))))) | H7: =IF($A7="","",IF(COUNTIF(Reçeteler!$A$5:$A$400,$A7)=0,"Bilinmiyor",IF(COUNTIFS(Reçeteler!$A$5:$A$400,$A7,Reçeteler!$I$5:$I$400,"Var")>0,"Var",IF(COUNTIFS(Reçeteler!$A$5:$A$400,$A7,Reçeteler!$I$5:$I$400,"Bilinmiyor")>0,"Bilinmiyor",IF(COUNTIFS(Reçeteler!$A$5:$A$400,$A7,Reçeteler!$I$5:$I$400,"Eser")>0,"Eser","Yok"))))) | I7: =IF($A7="","",IF(COUNTIF(Reçeteler!$A$5:$A$400,$A7)=0,"Bilinmiyor",IF(COUNTIFS(Reçeteler!$A$5:$A$400,$A7,Reçeteler!$J$5:$J$400,"Var")>0,"Var",IF(COUNTIFS(Reçeteler!$A$5:$A$400,$A7,Reçeteler!$J$5:$J$400,"Bilinmiyor")>0,"Bilinmiyor",IF(COUNTIFS(Reçeteler!$A$5:$A$400,$A7,Reçeteler!$J$5:$J$400,"Eser")>0,"Eser","Yok"))))) | J7: =IF($A7="","",IF(COUNTIF(Reçeteler!$A$5:$A$400,$A7)=0,"Bilinmiyor",IF(COUNTIFS(Reçeteler!$A$5:$A$400,$A7,Reçeteler!$K$5:$K$400,"Var")>0,"Var",IF(COUNTIFS(Reçeteler!$A$5:$A$400,$A7,Reçeteler!$K$5:$K$400,"Bilinmiyor")>0,"Bilinmiyor",IF(COUNTIFS(Reçeteler!$A$5:$A$400,$A7,Reçeteler!$K$5:$K$400,"Eser")>0,"Eser","Yok"))))) | K7: =IF($A7="","",IF(COUNTIF(Reçeteler!$A$5:$A$400,$A7)=0,"Bilinmiyor",IF(COUNTIFS(Reçeteler!$A$5:$A$400,$A7,Reçeteler!$L$5:$L$400,"Var")>0,"Var",IF(COUNTIFS(Reçeteler!$A$5:$A$400,$A7,Reçeteler!$L$5:$L$400,"Bilinmiyor")>0,"Bilinmiyor",IF(COUNTIFS(Reçeteler!$A$5:$A$400,$A7,Reçeteler!$L$5:$L$400,"Eser")>0,"Eser","Yok"))))) | L7: =IF($A7="","",IF(COUNTIF(Reçeteler!$A$5:$A$400,$A7)=0,"Bilinmiyor",IF(COUNTIFS(Reçeteler!$A$5:$A$400,$A7,Reçeteler!$M$5:$M$400,"Var")>0,"Var",IF(COUNTIFS(Reçeteler!$A$5:$A$400,$A7,Reçeteler!$M$5:$M$400,"Bilinmiyor")>0,"Bilinmiyor",IF(COUNTIFS(Reçeteler!$A$5:$A$400,$A7,Reçeteler!$M$5:$M$400,"Eser")>0,"Eser","Yok"))))) | M7: =IF($A7="","",IF(COUNTIF(Reçeteler!$A$5:$A$400,$A7)=0,"Bilinmiyor",IF(COUNTIFS(Reçeteler!$A$5:$A$400,$A7,Reçeteler!$N$5:$N$400,"Var")>0,"Var",IF(COUNTIFS(Reçeteler!$A$5:$A$400,$A7,Reçeteler!$N$5:$N$400,"Bilinmiyor")>0,"Bilinmiyor",IF(COUNTIFS(Reçeteler!$A$5:$A$400,$A7,Reçeteler!$N$5:$N$400,"Eser")>0,"Eser","Yok"))))) | N7: =IF($A7="","",IF(COUNTIF(Reçeteler!$A$5:$A$400,$A7)=0,"Bilinmiyor",IF(COUNTIFS(Reçeteler!$A$5:$A$400,$A7,Reçeteler!$O$5:$O$400,"Var")>0,"Var",IF(COUNTIFS(Reçeteler!$A$5:$A$400,$A7,Reçeteler!$O$5:$O$400,"Bilinmiyor")>0,"Bilinmiyor",IF(COUNTIFS(Reçeteler!$A$5:$A$400,$A7,Reçeteler!$O$5:$O$400,"Eser")>0,"Eser","Yok"))))) | O7: =IF($A7="","",IF(COUNTIF(Reçeteler!$A$5:$A$400,$A7)=0,"Bilinmiyor",IF(COUNTIFS(Reçeteler!$A$5:$A$400,$A7,Reçeteler!$P$5:$P$400,"Var")>0,"Var",IF(COUNTIFS(Reçeteler!$A$5:$A$400,$A7,Reçeteler!$P$5:$P$400,"Bilinmiyor")>0,"Bilinmiyor",IF(COUNTIFS(Reçeteler!$A$5:$A$400,$A7,Reçeteler!$P$5:$P$400,"Eser")>0,"Eser","Yok"))))) | P7: =IF($A7="","",COUNTIF(Reçeteler!$A$5:$A$400,$A7)) | Q7: =IF($A7="","",IF(P7=0,"Reçete girilmedi",IF(COUNTIF(B7:O7,"Bilinmiyor")>0,"Eksik kontrol","Hazır")))
B8: =IF($A8="","",IF(COUNTIF(Reçeteler!$A$5:$A$400,$A8)=0,"Bilinmiyor",IF(COUNTIFS(Reçeteler!$A$5:$A$400,$A8,Reçeteler!$C$5:$C$400,"Var")>0,"Var",IF(COUNTIFS(Reçeteler!$A$5:$A$400,$A8,Reçeteler!$C$5:$C$400,"Bilinmiyor")>0,"Bilinmiyor",IF(COUNTIFS(Reçeteler!$A$5:$A$400,$A8,Reçeteler!$C$5:$C$400,"Eser")>0,"Eser","Yok"))))) | C8: =IF($A8="","",IF(COUNTIF(Reçeteler!$A$5:$A$400,$A8)=0,"Bilinmiyor",IF(COUNTIFS(Reçeteler!$A$5:$A$400,$A8,Reçeteler!$D$5:$D$400,"Var")>0,"Var",IF(COUNTIFS(Reçeteler!$A$5:$A$400,$A8,Reçeteler!$D$5:$D$400,"Bilinmiyor")>0,"Bilinmiyor",IF(COUNTIFS(Reçeteler!$A$5:$A$400,$A8,Reçeteler!$D$5:$D$400,"Eser")>0,"Eser","Yok"))))) | D8: =IF($A8="","",IF(COUNTIF(Reçeteler!$A$5:$A$400,$A8)=0,"Bilinmiyor",IF(COUNTIFS(Reçeteler!$A$5:$A$400,$A8,Reçeteler!$E$5:$E$400,"Var")>0,"Var",IF(COUNTIFS(Reçeteler!$A$5:$A$400,$A8,Reçeteler!$E$5:$E$400,"Bilinmiyor")>0,"Bilinmiyor",IF(COUNTIFS(Reçeteler!$A$5:$A$400,$A8,Reçeteler!$E$5:$E$400,"Eser")>0,"Eser","Yok"))))) | E8: =IF($A8="","",IF(COUNTIF(Reçeteler!$A$5:$A$400,$A8)=0,"Bilinmiyor",IF(COUNTIFS(Reçeteler!$A$5:$A$400,$A8,Reçeteler!$F$5:$F$400,"Var")>0,"Var",IF(COUNTIFS(Reçeteler!$A$5:$A$400,$A8,Reçeteler!$F$5:$F$400,"Bilinmiyor")>0,"Bilinmiyor",IF(COUNTIFS(Reçeteler!$A$5:$A$400,$A8,Reçeteler!$F$5:$F$400,"Eser")>0,"Eser","Yok"))))) | F8: =IF($A8="","",IF(COUNTIF(Reçeteler!$A$5:$A$400,$A8)=0,"Bilinmiyor",IF(COUNTIFS(Reçeteler!$A$5:$A$400,$A8,Reçeteler!$G$5:$G$400,"Var")>0,"Var",IF(COUNTIFS(Reçeteler!$A$5:$A$400,$A8,Reçeteler!$G$5:$G$400,"Bilinmiyor")>0,"Bilinmiyor",IF(COUNTIFS(Reçeteler!$A$5:$A$400,$A8,Reçeteler!$G$5:$G$400,"Eser")>0,"Eser","Yok"))))) | G8: =IF($A8="","",IF(COUNTIF(Reçeteler!$A$5:$A$400,$A8)=0,"Bilinmiyor",IF(COUNTIFS(Reçeteler!$A$5:$A$400,$A8,Reçeteler!$H$5:$H$400,"Var")>0,"Var",IF(COUNTIFS(Reçeteler!$A$5:$A$400,$A8,Reçeteler!$H$5:$H$400,"Bilinmiyor")>0,"Bilinmiyor",IF(COUNTIFS(Reçeteler!$A$5:$A$400,$A8,Reçeteler!$H$5:$H$400,"Eser")>0,"Eser","Yok"))))) | H8: =IF($A8="","",IF(COUNTIF(Reçeteler!$A$5:$A$400,$A8)=0,"Bilinmiyor",IF(COUNTIFS(Reçeteler!$A$5:$A$400,$A8,Reçeteler!$I$5:$I$400,"Var")>0,"Var",IF(COUNTIFS(Reçeteler!$A$5:$A$400,$A8,Reçeteler!$I$5:$I$400,"Bilinmiyor")>0,"Bilinmiyor",IF(COUNTIFS(Reçeteler!$A$5:$A$400,$A8,Reçeteler!$I$5:$I$400,"Eser")>0,"Eser","Yok"))))) | I8: =IF($A8="","",IF(COUNTIF(Reçeteler!$A$5:$A$400,$A8)=0,"Bilinmiyor",IF(COUNTIFS(Reçeteler!$A$5:$A$400,$A8,Reçeteler!$J$5:$J$400,"Var")>0,"Var",IF(COUNTIFS(Reçeteler!$A$5:$A$400,$A8,Reçeteler!$J$5:$J$400,"Bilinmiyor")>0,"Bilinmiyor",IF(COUNTIFS(Reçeteler!$A$5:$A$400,$A8,Reçeteler!$J$5:$J$400,"Eser")>0,"Eser","Yok"))))) | J8: =IF($A8="","",IF(COUNTIF(Reçeteler!$A$5:$A$400,$A8)=0,"Bilinmiyor",IF(COUNTIFS(Reçeteler!$A$5:$A$400,$A8,Reçeteler!$K$5:$K$400,"Var")>0,"Var",IF(COUNTIFS(Reçeteler!$A$5:$A$400,$A8,Reçeteler!$K$5:$K$400,"Bilinmiyor")>0,"Bilinmiyor",IF(COUNTIFS(Reçeteler!$A$5:$A$400,$A8,Reçeteler!$K$5:$K$400,"Eser")>0,"Eser","Yok"))))) | K8: =IF($A8="","",IF(COUNTIF(Reçeteler!$A$5:$A$400,$A8)=0,"Bilinmiyor",IF(COUNTIFS(Reçeteler!$A$5:$A$400,$A8,Reçeteler!$L$5:$L$400,"Var")>0,"Var",IF(COUNTIFS(Reçeteler!$A$5:$A$400,$A8,Reçeteler!$L$5:$L$400,"Bilinmiyor")>0,"Bilinmiyor",IF(COUNTIFS(Reçeteler!$A$5:$A$400,$A8,Reçeteler!$L$5:$L$400,"Eser")>0,"Eser","Yok"))))) | L8: =IF($A8="","",IF(COUNTIF(Reçeteler!$A$5:$A$400,$A8)=0,"Bilinmiyor",IF(COUNTIFS(Reçeteler!$A$5:$A$400,$A8,Reçeteler!$M$5:$M$400,"Var")>0,"Var",IF(COUNTIFS(Reçeteler!$A$5:$A$400,$A8,Reçeteler!$M$5:$M$400,"Bilinmiyor")>0,"Bilinmiyor",IF(COUNTIFS(Reçeteler!$A$5:$A$400,$A8,Reçeteler!$M$5:$M$400,"Eser")>0,"Eser","Yok"))))) | M8: =IF($A8="","",IF(COUNTIF(Reçeteler!$A$5:$A$400,$A8)=0,"Bilinmiyor",IF(COUNTIFS(Reçeteler!$A$5:$A$400,$A8,Reçeteler!$N$5:$N$400,"Var")>0,"Var",IF(COUNTIFS(Reçeteler!$A$5:$A$400,$A8,Reçeteler!$N$5:$N$400,"Bilinmiyor")>0,"Bilinmiyor",IF(COUNTIFS(Reçeteler!$A$5:$A$400,$A8,Reçeteler!$N$5:$N$400,"Eser")>0,"Eser","Yok"))))) | N8: =IF($A8="","",IF(COUNTIF(Reçeteler!$A$5:$A$400,$A8)=0,"Bilinmiyor",IF(COUNTIFS(Reçeteler!$A$5:$A$400,$A8,Reçeteler!$O$5:$O$400,"Var")>0,"Var",IF(COUNTIFS(Reçeteler!$A$5:$A$400,$A8,Reçeteler!$O$5:$O$400,"Bilinmiyor")>0,"Bilinmiyor",IF(COUNTIFS(Reçeteler!$A$5:$A$400,$A8,Reçeteler!$O$5:$O$400,"Eser")>0,"Eser","Yok"))))) | O8: =IF($A8="","",IF(COUNTIF(Reçeteler!$A$5:$A$400,$A8)=0,"Bilinmiyor",IF(COUNTIFS(Reçeteler!$A$5:$A$400,$A8,Reçeteler!$P$5:$P$400,"Var")>0,"Var",IF(COUNTIFS(Reçeteler!$A$5:$A$400,$A8,Reçeteler!$P$5:$P$400,"Bilinmiyor")>0,"Bilinmiyor",IF(COUNTIFS(Reçeteler!$A$5:$A$400,$A8,Reçeteler!$P$5:$P$400,"Eser")>0,"Eser","Yok"))))) | P8: =IF($A8="","",COUNTIF(Reçeteler!$A$5:$A$400,$A8)) | Q8: =IF($A8="","",IF(P8=0,"Reçete girilmedi",IF(COUNTIF(B8:O8,"Bilinmiyor")>0,"Eksik kontrol","Hazır")))
B9: =IF($A9="","",IF(COUNTIF(Reçeteler!$A$5:$A$400,$A9)=0,"Bilinmiyor",IF(COUNTIFS(Reçeteler!$A$5:$A$400,$A9,Reçeteler!$C$5:$C$400,"Var")>0,"Var",IF(COUNTIFS(Reçeteler!$A$5:$A$400,$A9,Reçeteler!$C$5:$C$400,"Bilinmiyor")>0,"Bilinmiyor",IF(COUNTIFS(Reçeteler!$A$5:$A$400,$A9,Reçeteler!$C$5:$C$400,"Eser")>0,"Eser","Yok"))))) | C9: =IF($A9="","",IF(COUNTIF(Reçeteler!$A$5:$A$400,$A9)=0,"Bilinmiyor",IF(COUNTIFS(Reçeteler!$A$5:$A$400,$A9,Reçeteler!$D$5:$D$400,"Var")>0,"Var",IF(COUNTIFS(Reçeteler!$A$5:$A$400,$A9,Reçeteler!$D$5:$D$400,"Bilinmiyor")>0,"Bilinmiyor",IF(COUNTIFS(Reçeteler!$A$5:$A$400,$A9,Reçeteler!$D$5:$D$400,"Eser")>0,"Eser","Yok"))))) | D9: =IF($A9="","",IF(COUNTIF(Reçeteler!$A$5:$A$400,$A9)=0,"Bilinmiyor",IF(COUNTIFS(Reçeteler!$A$5:$A$400,$A9,Reçeteler!$E$5:$E$400,"Var")>0,"Var",IF(COUNTIFS(Reçeteler!$A$5:$A$400,$A9,Reçeteler!$E$5:$E$400,"Bilinmiyor")>0,"Bilinmiyor",IF(COUNTIFS(Reçeteler!$A$5:$A$400,$A9,Reçeteler!$E$5:$E$400,"Eser")>0,"Eser","Yok"))))) | E9: =IF($A9="","",IF(COUNTIF(Reçeteler!$A$5:$A$400,$A9)=0,"Bilinmiyor",IF(COUNTIFS(Reçeteler!$A$5:$A$400,$A9,Reçeteler!$F$5:$F$400,"Var")>0,"Var",IF(COUNTIFS(Reçeteler!$A$5:$A$400,$A9,Reçeteler!$F$5:$F$400,"Bilinmiyor")>0,"Bilinmiyor",IF(COUNTIFS(Reçeteler!$A$5:$A$400,$A9,Reçeteler!$F$5:$F$400,"Eser")>0,"Eser","Yok"))))) | F9: =IF($A9="","",IF(COUNTIF(Reçeteler!$A$5:$A$400,$A9)=0,"Bilinmiyor",IF(COUNTIFS(Reçeteler!$A$5:$A$400,$A9,Reçeteler!$G$5:$G$400,"Var")>0,"Var",IF(COUNTIFS(Reçeteler!$A$5:$A$400,$A9,Reçeteler!$G$5:$G$400,"Bilinmiyor")>0,"Bilinmiyor",IF(COUNTIFS(Reçeteler!$A$5:$A$400,$A9,Reçeteler!$G$5:$G$400,"Eser")>0,"Eser","Yok"))))) | G9: =IF($A9="","",IF(COUNTIF(Reçeteler!$A$5:$A$400,$A9)=0,"Bilinmiyor",IF(COUNTIFS(Reçeteler!$A$5:$A$400,$A9,Reçeteler!$H$5:$H$400,"Var")>0,"Var",IF(COUNTIFS(Reçeteler!$A$5:$A$400,$A9,Reçeteler!$H$5:$H$400,"Bilinmiyor")>0,"Bilinmiyor",IF(COUNTIFS(Reçeteler!$A$5:$A$400,$A9,Reçeteler!$H$5:$H$400,"Eser")>0,"Eser","Yok"))))) | H9: =IF($A9="","",IF(COUNTIF(Reçeteler!$A$5:$A$400,$A9)=0,"Bilinmiyor",IF(COUNTIFS(Reçeteler!$A$5:$A$400,$A9,Reçeteler!$I$5:$I$400,"Var")>0,"Var",IF(COUNTIFS(Reçeteler!$A$5:$A$400,$A9,Reçeteler!$I$5:$I$400,"Bilinmiyor")>0,"Bilinmiyor",IF(COUNTIFS(Reçeteler!$A$5:$A$400,$A9,Reçeteler!$I$5:$I$400,"Eser")>0,"Eser","Yok"))))) | I9: =IF($A9="","",IF(COUNTIF(Reçeteler!$A$5:$A$400,$A9)=0,"Bilinmiyor",IF(COUNTIFS(Reçeteler!$A$5:$A$400,$A9,Reçeteler!$J$5:$J$400,"Var")>0,"Var",IF(COUNTIFS(Reçeteler!$A$5:$A$400,$A9,Reçeteler!$J$5:$J$400,"Bilinmiyor")>0,"Bilinmiyor",IF(COUNTIFS(Reçeteler!$A$5:$A$400,$A9,Reçeteler!$J$5:$J$400,"Eser")>0,"Eser","Yok"))))) | J9: =IF($A9="","",IF(COUNTIF(Reçeteler!$A$5:$A$400,$A9)=0,"Bilinmiyor",IF(COUNTIFS(Reçeteler!$A$5:$A$400,$A9,Reçeteler!$K$5:$K$400,"Var")>0,"Var",IF(COUNTIFS(Reçeteler!$A$5:$A$400,$A9,Reçeteler!$K$5:$K$400,"Bilinmiyor")>0,"Bilinmiyor",IF(COUNTIFS(Reçeteler!$A$5:$A$400,$A9,Reçeteler!$K$5:$K$400,"Eser")>0,"Eser","Yok"))))) | K9: =IF($A9="","",IF(COUNTIF(Reçeteler!$A$5:$A$400,$A9)=0,"Bilinmiyor",IF(COUNTIFS(Reçeteler!$A$5:$A$400,$A9,Reçeteler!$L$5:$L$400,"Var")>0,"Var",IF(COUNTIFS(Reçeteler!$A$5:$A$400,$A9,Reçeteler!$L$5:$L$400,"Bilinmiyor")>0,"Bilinmiyor",IF(COUNTIFS(Reçeteler!$A$5:$A$400,$A9,Reçeteler!$L$5:$L$400,"Eser")>0,"Eser","Yok"))))) | L9: =IF($A9="","",IF(COUNTIF(Reçeteler!$A$5:$A$400,$A9)=0,"Bilinmiyor",IF(COUNTIFS(Reçeteler!$A$5:$A$400,$A9,Reçeteler!$M$5:$M$400,"Var")>0,"Var",IF(COUNTIFS(Reçeteler!$A$5:$A$400,$A9,Reçeteler!$M$5:$M$400,"Bilinmiyor")>0,"Bilinmiyor",IF(COUNTIFS(Reçeteler!$A$5:$A$400,$A9,Reçeteler!$M$5:$M$400,"Eser")>0,"Eser","Yok"))))) | M9: =IF($A9="","",IF(COUNTIF(Reçeteler!$A$5:$A$400,$A9)=0,"Bilinmiyor",IF(COUNTIFS(Reçeteler!$A$5:$A$400,$A9,Reçeteler!$N$5:$N$400,"Var")>0,"Var",IF(COUNTIFS(Reçeteler!$A$5:$A$400,$A9,Reçeteler!$N$5:$N$400,"Bilinmiyor")>0,"Bilinmiyor",IF(COUNTIFS(Reçeteler!$A$5:$A$400,$A9,Reçeteler!$N$5:$N$400,"Eser")>0,"Eser","Yok"))))) | N9: =IF($A9="","",IF(COUNTIF(Reçeteler!$A$5:$A$400,$A9)=0,"Bilinmiyor",IF(COUNTIFS(Reçeteler!$A$5:$A$400,$A9,Reçeteler!$O$5:$O$400,"Var")>0,"Var",IF(COUNTIFS(Reçeteler!$A$5:$A$400,$A9,Reçeteler!$O$5:$O$400,"Bilinmiyor")>0,"Bilinmiyor",IF(COUNTIFS(Reçeteler!$A$5:$A$400,$A9,Reçeteler!$O$5:$O$400,"Eser")>0,"Eser","Yok"))))) | O9: =IF($A9="","",IF(COUNTIF(Reçeteler!$A$5:$A$400,$A9)=0,"Bilinmiyor",IF(COUNTIFS(Reçeteler!$A$5:$A$400,$A9,Reçeteler!$P$5:$P$400,"Var")>0,"Var",IF(COUNTIFS(Reçeteler!$A$5:$A$400,$A9,Reçeteler!$P$5:$P$400,"Bilinmiyor")>0,"Bilinmiyor",IF(COUNTIFS(Reçeteler!$A$5:$A$400,$A9,Reçeteler!$P$5:$P$400,"Eser")>0,"Eser","Yok"))))) | P9: =IF($A9="","",COUNTIF(Reçeteler!$A$5:$A$400,$A9)) | Q9: =IF($A9="","",IF(P9=0,"Reçete girilmedi",IF(COUNTIF(B9:O9,"Bilinmiyor")>0,"Eksik kontrol","Hazır")))
B10: =IF($A10="","",IF(COUNTIF(Reçeteler!$A$5:$A$400,$A10)=0,"Bilinmiyor",IF(COUNTIFS(Reçeteler!$A$5:$A$400,$A10,Reçeteler!$C$5:$C$400,"Var")>0,"Var",IF(COUNTIFS(Reçeteler!$A$5:$A$400,$A10,Reçeteler!$C$5:$C$400,"Bilinmiyor")>0,"Bilinmiyor",IF(COUNTIFS(Reçeteler!$A$5:$A$400,$A10,Reçeteler!$C$5:$C$400,"Eser")>0,"Eser","Yok"))))) | C10: =IF($A10="","",IF(COUNTIF(Reçeteler!$A$5:$A$400,$A10)=0,"Bilinmiyor",IF(COUNTIFS(Reçeteler!$A$5:$A$400,$A10,Reçeteler!$D$5:$D$400,"Var")>0,"Var",IF(COUNTIFS(Reçeteler!$A$5:$A$400,$A10,Reçeteler!$D$5:$D$400,"Bilinmiyor")>0,"Bilinmiyor",IF(COUNTIFS(Reçeteler!$A$5:$A$400,$A10,Reçeteler!$D$5:$D$400,"Eser")>0,"Eser","Yok"))))) | D10: =IF($A10="","",IF(COUNTIF(Reçeteler!$A$5:$A$400,$A10)=0,"Bilinmiyor",IF(COUNTIFS(Reçeteler!$A$5:$A$400,$A10,Reçeteler!$E$5:$E$400,"Var")>0,"Var",IF(COUNTIFS(Reçeteler!$A$5:$A$400,$A10,Reçeteler!$E$5:$E$400,"Bilinmiyor")>0,"Bilinmiyor",IF(COUNTIFS(Reçeteler!$A$5:$A$400,$A10,Reçeteler!$E$5:$E$400,"Eser")>0,"Eser","Yok"))))) | E10: =IF($A10="","",IF(COUNTIF(Reçeteler!$A$5:$A$400,$A10)=0,"Bilinmiyor",IF(COUNTIFS(Reçeteler!$A$5:$A$400,$A10,Reçeteler!$F$5:$F$400,"Var")>0,"Var",IF(COUNTIFS(Reçeteler!$A$5:$A$400,$A10,Reçeteler!$F$5:$F$400,"Bilinmiyor")>0,"Bilinmiyor",IF(COUNTIFS(Reçeteler!$A$5:$A$400,$A10,Reçeteler!$F$5:$F$400,"Eser")>0,"Eser","Yok"))))) | F10: =IF($A10="","",IF(COUNTIF(Reçeteler!$A$5:$A$400,$A10)=0,"Bilinmiyor",IF(COUNTIFS(Reçeteler!$A$5:$A$400,$A10,Reçeteler!$G$5:$G$400,"Var")>0,"Var",IF(COUNTIFS(Reçeteler!$A$5:$A$400,$A10,Reçeteler!$G$5:$G$400,"Bilinmiyor")>0,"Bilinmiyor",IF(COUNTIFS(Reçeteler!$A$5:$A$400,$A10,Reçeteler!$G$5:$G$400,"Eser")>0,"Eser","Yok"))))) | G10: =IF($A10="","",IF(COUNTIF(Reçeteler!$A$5:$A$400,$A10)=0,"Bilinmiyor",IF(COUNTIFS(Reçeteler!$A$5:$A$400,$A10,Reçeteler!$H$5:$H$400,"Var")>0,"Var",IF(COUNTIFS(Reçeteler!$A$5:$A$400,$A10,Reçeteler!$H$5:$H$400,"Bilinmiyor")>0,"Bilinmiyor",IF(COUNTIFS(Reçeteler!$A$5:$A$400,$A10,Reçeteler!$H$5:$H$400,"Eser")>0,"Eser","Yok"))))) | H10: =IF($A10="","",IF(COUNTIF(Reçeteler!$A$5:$A$400,$A10)=0,"Bilinmiyor",IF(COUNTIFS(Reçeteler!$A$5:$A$400,$A10,Reçeteler!$I$5:$I$400,"Var")>0,"Var",IF(COUNTIFS(Reçeteler!$A$5:$A$400,$A10,Reçeteler!$I$5:$I$400,"Bilinmiyor")>0,"Bilinmiyor",IF(COUNTIFS(Reçeteler!$A$5:$A$400,$A10,Reçeteler!$I$5:$I$400,"Eser")>0,"Eser","Yok"))))) | I10: =IF($A10="","",IF(COUNTIF(Reçeteler!$A$5:$A$400,$A10)=0,"Bilinmiyor",IF(COUNTIFS(Reçeteler!$A$5:$A$400,$A10,Reçeteler!$J$5:$J$400,"Var")>0,"Var",IF(COUNTIFS(Reçeteler!$A$5:$A$400,$A10,Reçeteler!$J$5:$J$400,"Bilinmiyor")>0,"Bilinmiyor",IF(COUNTIFS(Reçeteler!$A$5:$A$400,$A10,Reçeteler!$J$5:$J$400,"Eser")>0,"Eser","Yok"))))) | J10: =IF($A10="","",IF(COUNTIF(Reçeteler!$A$5:$A$400,$A10)=0,"Bilinmiyor",IF(COUNTIFS(Reçeteler!$A$5:$A$400,$A10,Reçeteler!$K$5:$K$400,"Var")>0,"Var",IF(COUNTIFS(Reçeteler!$A$5:$A$400,$A10,Reçeteler!$K$5:$K$400,"Bilinmiyor")>0,"Bilinmiyor",IF(COUNTIFS(Reçeteler!$A$5:$A$400,$A10,Reçeteler!$K$5:$K$400,"Eser")>0,"Eser","Yok"))))) | K10: =IF($A10="","",IF(COUNTIF(Reçeteler!$A$5:$A$400,$A10)=0,"Bilinmiyor",IF(COUNTIFS(Reçeteler!$A$5:$A$400,$A10,Reçeteler!$L$5:$L$400,"Var")>0,"Var",IF(COUNTIFS(Reçeteler!$A$5:$A$400,$A10,Reçeteler!$L$5:$L$400,"Bilinmiyor")>0,"Bilinmiyor",IF(COUNTIFS(Reçeteler!$A$5:$A$400,$A10,Reçeteler!$L$5:$L$400,"Eser")>0,"Eser","Yok"))))) | L10: =IF($A10="","",IF(COUNTIF(Reçeteler!$A$5:$A$400,$A10)=0,"Bilinmiyor",IF(COUNTIFS(Reçeteler!$A$5:$A$400,$A10,Reçeteler!$M$5:$M$400,"Var")>0,"Var",IF(COUNTIFS(Reçeteler!$A$5:$A$400,$A10,Reçeteler!$M$5:$M$400,"Bilinmiyor")>0,"Bilinmiyor",IF(COUNTIFS(Reçeteler!$A$5:$A$400,$A10,Reçeteler!$M$5:$M$400,"Eser")>0,"Eser","Yok"))))) | M10: =IF($A10="","",IF(COUNTIF(Reçeteler!$A$5:$A$400,$A10)=0,"Bilinmiyor",IF(COUNTIFS(Reçeteler!$A$5:$A$400,$A10,Reçeteler!$N$5:$N$400,"Var")>0,"Var",IF(COUNTIFS(Reçeteler!$A$5:$A$400,$A10,Reçeteler!$N$5:$N$400,"Bilinmiyor")>0,"Bilinmiyor",IF(COUNTIFS(Reçeteler!$A$5:$A$400,$A10,Reçeteler!$N$5:$N$400,"Eser")>0,"Eser","Yok"))))) | N10: =IF($A10="","",IF(COUNTIF(Reçeteler!$A$5:$A$400,$A10)=0,"Bilinmiyor",IF(COUNTIFS(Reçeteler!$A$5:$A$400,$A10,Reçeteler!$O$5:$O$400,"Var")>0,"Var",IF(COUNTIFS(Reçeteler!$A$5:$A$400,$A10,Reçeteler!$O$5:$O$400,"Bilinmiyor")>0,"Bilinmiyor",IF(COUNTIFS(Reçeteler!$A$5:$A$400,$A10,Reçeteler!$O$5:$O$400,"Eser")>0,"Eser","Yok"))))) | O10: =IF($A10="","",IF(COUNTIF(Reçeteler!$A$5:$A$400,$A10)=0,"Bilinmiyor",IF(COUNTIFS(Reçeteler!$A$5:$A$400,$A10,Reçeteler!$P$5:$P$400,"Var")>0,"Var",IF(COUNTIFS(Reçeteler!$A$5:$A$400,$A10,Reçeteler!$P$5:$P$400,"Bilinmiyor")>0,"Bilinmiyor",IF(COUNTIFS(Reçeteler!$A$5:$A$400,$A10,Reçeteler!$P$5:$P$400,"Eser")>0,"Eser","Yok"))))) | P10: =IF($A10="","",COUNTIF(Reçeteler!$A$5:$A$400,$A10)) | Q10: =IF($A10="","",IF(P10=0,"Reçete girilmedi",IF(COUNTIF(B10:O10,"Bilinmiyor")>0,"Eksik kontrol","Hazır")))
B11: =IF($A11="","",IF(COUNTIF(Reçeteler!$A$5:$A$400,$A11)=0,"Bilinmiyor",IF(COUNTIFS(Reçeteler!$A$5:$A$400,$A11,Reçeteler!$C$5:$C$400,"Var")>0,"Var",IF(COUNTIFS(Reçeteler!$A$5:$A$400,$A11,Reçeteler!$C$5:$C$400,"Bilinmiyor")>0,"Bilinmiyor",IF(COUNTIFS(Reçeteler!$A$5:$A$400,$A11,Reçeteler!$C$5:$C$400,"Eser")>0,"Eser","Yok"))))) | C11: =IF($A11="","",IF(COUNTIF(Reçeteler!$A$5:$A$400,$A11)=0,"Bilinmiyor",IF(COUNTIFS(Reçeteler!$A$5:$A$400,$A11,Reçeteler!$D$5:$D$400,"Var")>0,"Var",IF(COUNTIFS(Reçeteler!$A$5:$A$400,$A11,Reçeteler!$D$5:$D$400,"Bilinmiyor")>0,"Bilinmiyor",IF(COUNTIFS(Reçeteler!$A$5:$A$400,$A11,Reçeteler!$D$5:$D$400,"Eser")>0,"Eser","Yok"))))) | D11: =IF($A11="","",IF(COUNTIF(Reçeteler!$A$5:$A$400,$A11)=0,"Bilinmiyor",IF(COUNTIFS(Reçeteler!$A$5:$A$400,$A11,Reçeteler!$E$5:$E$400,"Var")>0,"Var",IF(COUNTIFS(Reçeteler!$A$5:$A$400,$A11,Reçeteler!$E$5:$E$400,"Bilinmiyor")>0,"Bilinmiyor",IF(COUNTIFS(Reçeteler!$A$5:$A$400,$A11,Reçeteler!$E$5:$E$400,"Eser")>0,"Eser","Yok"))))) | E11: =IF($A11="","",IF(COUNTIF(Reçeteler!$A$5:$A$400,$A11)=0,"Bilinmiyor",IF(COUNTIFS(Reçeteler!$A$5:$A$400,$A11,Reçeteler!$F$5:$F$400,"Var")>0,"Var",IF(COUNTIFS(Reçeteler!$A$5:$A$400,$A11,Reçeteler!$F$5:$F$400,"Bilinmiyor")>0,"Bilinmiyor",IF(COUNTIFS(Reçeteler!$A$5:$A$400,$A11,Reçeteler!$F$5:$F$400,"Eser")>0,"Eser","Yok"))))) | F11: =IF($A11="","",IF(COUNTIF(Reçeteler!$A$5:$A$400,$A11)=0,"Bilinmiyor",IF(COUNTIFS(Reçeteler!$A$5:$A$400,$A11,Reçeteler!$G$5:$G$400,"Var")>0,"Var",IF(COUNTIFS(Reçeteler!$A$5:$A$400,$A11,Reçeteler!$G$5:$G$400,"Bilinmiyor")>0,"Bilinmiyor",IF(COUNTIFS(Reçeteler!$A$5:$A$400,$A11,Reçeteler!$G$5:$G$400,"Eser")>0,"Eser","Yok"))))) | G11: =IF($A11="","",IF(COUNTIF(Reçeteler!$A$5:$A$400,$A11)=0,"Bilinmiyor",IF(COUNTIFS(Reçeteler!$A$5:$A$400,$A11,Reçeteler!$H$5:$H$400,"Var")>0,"Var",IF(COUNTIFS(Reçeteler!$A$5:$A$400,$A11,Reçeteler!$H$5:$H$400,"Bilinmiyor")>0,"Bilinmiyor",IF(COUNTIFS(Reçeteler!$A$5:$A$400,$A11,Reçeteler!$H$5:$H$400,"Eser")>0,"Eser","Yok"))))) | H11: =IF($A11="","",IF(COUNTIF(Reçeteler!$A$5:$A$400,$A11)=0,"Bilinmiyor",IF(COUNTIFS(Reçeteler!$A$5:$A$400,$A11,Reçeteler!$I$5:$I$400,"Var")>0,"Var",IF(COUNTIFS(Reçeteler!$A$5:$A$400,$A11,Reçeteler!$I$5:$I$400,"Bilinmiyor")>0,"Bilinmiyor",IF(COUNTIFS(Reçeteler!$A$5:$A$400,$A11,Reçeteler!$I$5:$I$400,"Eser")>0,"Eser","Yok"))))) | I11: =IF($A11="","",IF(COUNTIF(Reçeteler!$A$5:$A$400,$A11)=0,"Bilinmiyor",IF(COUNTIFS(Reçeteler!$A$5:$A$400,$A11,Reçeteler!$J$5:$J$400,"Var")>0,"Var",IF(COUNTIFS(Reçeteler!$A$5:$A$400,$A11,Reçeteler!$J$5:$J$400,"Bilinmiyor")>0,"Bilinmiyor",IF(COUNTIFS(Reçeteler!$A$5:$A$400,$A11,Reçeteler!$J$5:$J$400,"Eser")>0,"Eser","Yok"))))) | J11: =IF($A11="","",IF(COUNTIF(Reçeteler!$A$5:$A$400,$A11)=0,"Bilinmiyor",IF(COUNTIFS(Reçeteler!$A$5:$A$400,$A11,Reçeteler!$K$5:$K$400,"Var")>0,"Var",IF(COUNTIFS(Reçeteler!$A$5:$A$400,$A11,Reçeteler!$K$5:$K$400,"Bilinmiyor")>0,"Bilinmiyor",IF(COUNTIFS(Reçeteler!$A$5:$A$400,$A11,Reçeteler!$K$5:$K$400,"Eser")>0,"Eser","Yok"))))) | K11: =IF($A11="","",IF(COUNTIF(Reçeteler!$A$5:$A$400,$A11)=0,"Bilinmiyor",IF(COUNTIFS(Reçeteler!$A$5:$A$400,$A11,Reçeteler!$L$5:$L$400,"Var")>0,"Var",IF(COUNTIFS(Reçeteler!$A$5:$A$400,$A11,Reçeteler!$L$5:$L$400,"Bilinmiyor")>0,"Bilinmiyor",IF(COUNTIFS(Reçeteler!$A$5:$A$400,$A11,Reçeteler!$L$5:$L$400,"Eser")>0,"Eser","Yok"))))) | L11: =IF($A11="","",IF(COUNTIF(Reçeteler!$A$5:$A$400,$A11)=0,"Bilinmiyor",IF(COUNTIFS(Reçeteler!$A$5:$A$400,$A11,Reçeteler!$M$5:$M$400,"Var")>0,"Var",IF(COUNTIFS(Reçeteler!$A$5:$A$400,$A11,Reçeteler!$M$5:$M$400,"Bilinmiyor")>0,"Bilinmiyor",IF(COUNTIFS(Reçeteler!$A$5:$A$400,$A11,Reçeteler!$M$5:$M$400,"Eser")>0,"Eser","Yok"))))) | M11: =IF($A11="","",IF(COUNTIF(Reçeteler!$A$5:$A$400,$A11)=0,"Bilinmiyor",IF(COUNTIFS(Reçeteler!$A$5:$A$400,$A11,Reçeteler!$N$5:$N$400,"Var")>0,"Var",IF(COUNTIFS(Reçeteler!$A$5:$A$400,$A11,Reçeteler!$N$5:$N$400,"Bilinmiyor")>0,"Bilinmiyor",IF(COUNTIFS(Reçeteler!$A$5:$A$400,$A11,Reçeteler!$N$5:$N$400,"Eser")>0,"Eser","Yok"))))) | N11: =IF($A11="","",IF(COUNTIF(Reçeteler!$A$5:$A$400,$A11)=0,"Bilinmiyor",IF(COUNTIFS(Reçeteler!$A$5:$A$400,$A11,Reçeteler!$O$5:$O$400,"Var")>0,"Var",IF(COUNTIFS(Reçeteler!$A$5:$A$400,$A11,Reçeteler!$O$5:$O$400,"Bilinmiyor")>0,"Bilinmiyor",IF(COUNTIFS(Reçeteler!$A$5:$A$400,$A11,Reçeteler!$O$5:$O$400,"Eser")>0,"Eser","Yok"))))) | O11: =IF($A11="","",IF(COUNTIF(Reçeteler!$A$5:$A$400,$A11)=0,"Bilinmiyor",IF(COUNTIFS(Reçeteler!$A$5:$A$400,$A11,Reçeteler!$P$5:$P$400,"Var")>0,"Var",IF(COUNTIFS(Reçeteler!$A$5:$A$400,$A11,Reçeteler!$P$5:$P$400,"Bilinmiyor")>0,"Bilinmiyor",IF(COUNTIFS(Reçeteler!$A$5:$A$400,$A11,Reçeteler!$P$5:$P$400,"Eser")>0,"Eser","Yok"))))) | P11: =IF($A11="","",COUNTIF(Reçeteler!$A$5:$A$400,$A11)) | Q11: =IF($A11="","",IF(P11=0,"Reçete girilmedi",IF(COUNTIF(B11:O11,"Bilinmiyor")>0,"Eksik kontrol","Hazır")))
B12: =IF($A12="","",IF(COUNTIF(Reçeteler!$A$5:$A$400,$A12)=0,"Bilinmiyor",IF(COUNTIFS(Reçeteler!$A$5:$A$400,$A12,Reçeteler!$C$5:$C$400,"Var")>0,"Var",IF(COUNTIFS(Reçeteler!$A$5:$A$400,$A12,Reçeteler!$C$5:$C$400,"Bilinmiyor")>0,"Bilinmiyor",IF(COUNTIFS(Reçeteler!$A$5:$A$400,$A12,Reçeteler!$C$5:$C$400,"Eser")>0,"Eser","Yok"))))) | C12: =IF($A12="","",IF(COUNTIF(Reçeteler!$A$5:$A$400,$A12)=0,"Bilinmiyor",IF(COUNTIFS(Reçeteler!$A$5:$A$400,$A12,Reçeteler!$D$5:$D$400,"Var")>0,"Var",IF(COUNTIFS(Reçeteler!$A$5:$A$400,$A12,Reçeteler!$D$5:$D$400,"Bilinmiyor")>0,"Bilinmiyor",IF(COUNTIFS(Reçeteler!$A$5:$A$400,$A12,Reçeteler!$D$5:$D$400,"Eser")>0,"Eser","Yok"))))) | D12: =IF($A12="","",IF(COUNTIF(Reçeteler!$A$5:$A$400,$A12)=0,"Bilinmiyor",IF(COUNTIFS(Reçeteler!$A$5:$A$400,$A12,Reçeteler!$E$5:$E$400,"Var")>0,"Var",IF(COUNTIFS(Reçeteler!$A$5:$A$400,$A12,Reçeteler!$E$5:$E$400,"Bilinmiyor")>0,"Bilinmiyor",IF(COUNTIFS(Reçeteler!$A$5:$A$400,$A12,Reçeteler!$E$5:$E$400,"Eser")>0,"Eser","Yok"))))) | E12: =IF($A12="","",IF(COUNTIF(Reçeteler!$A$5:$A$400,$A12)=0,"Bilinmiyor",IF(COUNTIFS(Reçeteler!$A$5:$A$400,$A12,Reçeteler!$F$5:$F$400,"Var")>0,"Var",IF(COUNTIFS(Reçeteler!$A$5:$A$400,$A12,Reçeteler!$F$5:$F$400,"Bilinmiyor")>0,"Bilinmiyor",IF(COUNTIFS(Reçeteler!$A$5:$A$400,$A12,Reçeteler!$F$5:$F$400,"Eser")>0,"Eser","Yok"))))) | F12: =IF($A12="","",IF(COUNTIF(Reçeteler!$A$5:$A$400,$A12)=0,"Bilinmiyor",IF(COUNTIFS(Reçeteler!$A$5:$A$400,$A12,Reçeteler!$G$5:$G$400,"Var")>0,"Var",IF(COUNTIFS(Reçeteler!$A$5:$A$400,$A12,Reçeteler!$G$5:$G$400,"Bilinmiyor")>0,"Bilinmiyor",IF(COUNTIFS(Reçeteler!$A$5:$A$400,$A12,Reçeteler!$G$5:$G$400,"Eser")>0,"Eser","Yok"))))) | G12: =IF($A12="","",IF(COUNTIF(Reçeteler!$A$5:$A$400,$A12)=0,"Bilinmiyor",IF(COUNTIFS(Reçeteler!$A$5:$A$400,$A12,Reçeteler!$H$5:$H$400,"Var")>0,"Var",IF(COUNTIFS(Reçeteler!$A$5:$A$400,$A12,Reçeteler!$H$5:$H$400,"Bilinmiyor")>0,"Bilinmiyor",IF(COUNTIFS(Reçeteler!$A$5:$A$400,$A12,Reçeteler!$H$5:$H$400,"Eser")>0,"Eser","Yok"))))) | H12: =IF($A12="","",IF(COUNTIF(Reçeteler!$A$5:$A$400,$A12)=0,"Bilinmiyor",IF(COUNTIFS(Reçeteler!$A$5:$A$400,$A12,Reçeteler!$I$5:$I$400,"Var")>0,"Var",IF(COUNTIFS(Reçeteler!$A$5:$A$400,$A12,Reçeteler!$I$5:$I$400,"Bilinmiyor")>0,"Bilinmiyor",IF(COUNTIFS(Reçeteler!$A$5:$A$400,$A12,Reçeteler!$I$5:$I$400,"Eser")>0,"Eser","Yok"))))) | I12: =IF($A12="","",IF(COUNTIF(Reçeteler!$A$5:$A$400,$A12)=0,"Bilinmiyor",IF(COUNTIFS(Reçeteler!$A$5:$A$400,$A12,Reçeteler!$J$5:$J$400,"Var")>0,"Var",IF(COUNTIFS(Reçeteler!$A$5:$A$400,$A12,Reçeteler!$J$5:$J$400,"Bilinmiyor")>0,"Bilinmiyor",IF(COUNTIFS(Reçeteler!$A$5:$A$400,$A12,Reçeteler!$J$5:$J$400,"Eser")>0,"Eser","Yok"))))) | J12: =IF($A12="","",IF(COUNTIF(Reçeteler!$A$5:$A$400,$A12)=0,"Bilinmiyor",IF(COUNTIFS(Reçeteler!$A$5:$A$400,$A12,Reçeteler!$K$5:$K$400,"Var")>0,"Var",IF(COUNTIFS(Reçeteler!$A$5:$A$400,$A12,Reçeteler!$K$5:$K$400,"Bilinmiyor")>0,"Bilinmiyor",IF(COUNTIFS(Reçeteler!$A$5:$A$400,$A12,Reçeteler!$K$5:$K$400,"Eser")>0,"Eser","Yok"))))) | K12: =IF($A12="","",IF(COUNTIF(Reçeteler!$A$5:$A$400,$A12)=0,"Bilinmiyor",IF(COUNTIFS(Reçeteler!$A$5:$A$400,$A12,Reçeteler!$L$5:$L$400,"Var")>0,"Var",IF(COUNTIFS(Reçeteler!$A$5:$A$400,$A12,Reçeteler!$L$5:$L$400,"Bilinmiyor")>0,"Bilinmiyor",IF(COUNTIFS(Reçeteler!$A$5:$A$400,$A12,Reçeteler!$L$5:$L$400,"Eser")>0,"Eser","Yok"))))) | L12: =IF($A12="","",IF(COUNTIF(Reçeteler!$A$5:$A$400,$A12)=0,"Bilinmiyor",IF(COUNTIFS(Reçeteler!$A$5:$A$400,$A12,Reçeteler!$M$5:$M$400,"Var")>0,"Var",IF(COUNTIFS(Reçeteler!$A$5:$A$400,$A12,Reçeteler!$M$5:$M$400,"Bilinmiyor")>0,"Bilinmiyor",IF(COUNTIFS(Reçeteler!$A$5:$A$400,$A12,Reçeteler!$M$5:$M$400,"Eser")>0,"Eser","Yok"))))) | M12: =IF($A12="","",IF(COUNTIF(Reçeteler!$A$5:$A$400,$A12)=0,"Bilinmiyor",IF(COUNTIFS(Reçeteler!$A$5:$A$400,$A12,Reçeteler!$N$5:$N$400,"Var")>0,"Var",IF(COUNTIFS(Reçeteler!$A$5:$A$400,$A12,Reçeteler!$N$5:$N$400,"Bilinmiyor")>0,"Bilinmiyor",IF(COUNTIFS(Reçeteler!$A$5:$A$400,$A12,Reçeteler!$N$5:$N$400,"Eser")>0,"Eser","Yok"))))) | N12: =IF($A12="","",IF(COUNTIF(Reçeteler!$A$5:$A$400,$A12)=0,"Bilinmiyor",IF(COUNTIFS(Reçeteler!$A$5:$A$400,$A12,Reçeteler!$O$5:$O$400,"Var")>0,"Var",IF(COUNTIFS(Reçeteler!$A$5:$A$400,$A12,Reçeteler!$O$5:$O$400,"Bilinmiyor")>0,"Bilinmiyor",IF(COUNTIFS(Reçeteler!$A$5:$A$400,$A12,Reçeteler!$O$5:$O$400,"Eser")>0,"Eser","Yok"))))) | O12: =IF($A12="","",IF(COUNTIF(Reçeteler!$A$5:$A$400,$A12)=0,"Bilinmiyor",IF(COUNTIFS(Reçeteler!$A$5:$A$400,$A12,Reçeteler!$P$5:$P$400,"Var")>0,"Var",IF(COUNTIFS(Reçeteler!$A$5:$A$400,$A12,Reçeteler!$P$5:$P$400,"Bilinmiyor")>0,"Bilinmiyor",IF(COUNTIFS(Reçeteler!$A$5:$A$400,$A12,Reçeteler!$P$5:$P$400,"Eser")>0,"Eser","Yok"))))) | P12: =IF($A12="","",COUNTIF(Reçeteler!$A$5:$A$400,$A12)) | Q12: =IF($A12="","",IF(P12=0,"Reçete girilmedi",IF(COUNTIF(B12:O12,"Bilinmiyor")>0,"Eksik kontrol","Hazır")))
B13: =IF($A13="","",IF(COUNTIF(Reçeteler!$A$5:$A$400,$A13)=0,"Bilinmiyor",IF(COUNTIFS(Reçeteler!$A$5:$A$400,$A13,Reçeteler!$C$5:$C$400,"Var")>0,"Var",IF(COUNTIFS(Reçeteler!$A$5:$A$400,$A13,Reçeteler!$C$5:$C$400,"Bilinmiyor")>0,"Bilinmiyor",IF(COUNTIFS(Reçeteler!$A$5:$A$400,$A13,Reçeteler!$C$5:$C$400,"Eser")>0,"Eser","Yok"))))) | C13: =IF($A13="","",IF(COUNTIF(Reçeteler!$A$5:$A$400,$A13)=0,"Bilinmiyor",IF(COUNTIFS(Reçeteler!$A$5:$A$400,$A13,Reçeteler!$D$5:$D$400,"Var")>0,"Var",IF(COUNTIFS(Reçeteler!$A$5:$A$400,$A13,Reçeteler!$D$5:$D$400,"Bilinmiyor")>0,"Bilinmiyor",IF(COUNTIFS(Reçeteler!$A$5:$A$400,$A13,Reçeteler!$D$5:$D$400,"Eser")>0,"Eser","Yok"))))) | D13: =IF($A13="","",IF(COUNTIF(Reçeteler!$A$5:$A$400,$A13)=0,"Bilinmiyor",IF(COUNTIFS(Reçeteler!$A$5:$A$400,$A13,Reçeteler!$E$5:$E$400,"Var")>0,"Var",IF(COUNTIFS(Reçeteler!$A$5:$A$400,$A13,Reçeteler!$E$5:$E$400,"Bilinmiyor")>0,"Bilinmiyor",IF(COUNTIFS(Reçeteler!$A$5:$A$400,$A13,Reçeteler!$E$5:$E$400,"Eser")>0,"Eser","Yok"))))) | E13: =IF($A13="","",IF(COUNTIF(Reçeteler!$A$5:$A$400,$A13)=0,"Bilinmiyor",IF(COUNTIFS(Reçeteler!$A$5:$A$400,$A13,Reçeteler!$F$5:$F$400,"Var")>0,"Var",IF(COUNTIFS(Reçeteler!$A$5:$A$400,$A13,Reçeteler!$F$5:$F$400,"Bilinmiyor")>0,"Bilinmiyor",IF(COUNTIFS(Reçeteler!$A$5:$A$400,$A13,Reçeteler!$F$5:$F$400,"Eser")>0,"Eser","Yok"))))) | F13: =IF($A13="","",IF(COUNTIF(Reçeteler!$A$5:$A$400,$A13)=0,"Bilinmiyor",IF(COUNTIFS(Reçeteler!$A$5:$A$400,$A13,Reçeteler!$G$5:$G$400,"Var")>0,"Var",IF(COUNTIFS(Reçeteler!$A$5:$A$400,$A13,Reçeteler!$G$5:$G$400,"Bilinmiyor")>0,"Bilinmiyor",IF(COUNTIFS(Reçeteler!$A$5:$A$400,$A13,Reçeteler!$G$5:$G$400,"Eser")>0,"Eser","Yok"))))) | G13: =IF($A13="","",IF(COUNTIF(Reçeteler!$A$5:$A$400,$A13)=0,"Bilinmiyor",IF(COUNTIFS(Reçeteler!$A$5:$A$400,$A13,Reçeteler!$H$5:$H$400,"Var")>0,"Var",IF(COUNTIFS(Reçeteler!$A$5:$A$400,$A13,Reçeteler!$H$5:$H$400,"Bilinmiyor")>0,"Bilinmiyor",IF(COUNTIFS(Reçeteler!$A$5:$A$400,$A13,Reçeteler!$H$5:$H$400,"Eser")>0,"Eser","Yok"))))) | H13: =IF($A13="","",IF(COUNTIF(Reçeteler!$A$5:$A$400,$A13)=0,"Bilinmiyor",IF(COUNTIFS(Reçeteler!$A$5:$A$400,$A13,Reçeteler!$I$5:$I$400,"Var")>0,"Var",IF(COUNTIFS(Reçeteler!$A$5:$A$400,$A13,Reçeteler!$I$5:$I$400,"Bilinmiyor")>0,"Bilinmiyor",IF(COUNTIFS(Reçeteler!$A$5:$A$400,$A13,Reçeteler!$I$5:$I$400,"Eser")>0,"Eser","Yok"))))) | I13: =IF($A13="","",IF(COUNTIF(Reçeteler!$A$5:$A$400,$A13)=0,"Bilinmiyor",IF(COUNTIFS(Reçeteler!$A$5:$A$400,$A13,Reçeteler!$J$5:$J$400,"Var")>0,"Var",IF(COUNTIFS(Reçeteler!$A$5:$A$400,$A13,Reçeteler!$J$5:$J$400,"Bilinmiyor")>0,"Bilinmiyor",IF(COUNTIFS(Reçeteler!$A$5:$A$400,$A13,Reçeteler!$J$5:$J$400,"Eser")>0,"Eser","Yok"))))) | J13: =IF($A13="","",IF(COUNTIF(Reçeteler!$A$5:$A$400,$A13)=0,"Bilinmiyor",IF(COUNTIFS(Reçeteler!$A$5:$A$400,$A13,Reçeteler!$K$5:$K$400,"Var")>0,"Var",IF(COUNTIFS(Reçeteler!$A$5:$A$400,$A13,Reçeteler!$K$5:$K$400,"Bilinmiyor")>0,"Bilinmiyor",IF(COUNTIFS(Reçeteler!$A$5:$A$400,$A13,Reçeteler!$K$5:$K$400,"Eser")>0,"Eser","Yok"))))) | K13: =IF($A13="","",IF(COUNTIF(Reçeteler!$A$5:$A$400,$A13)=0,"Bilinmiyor",IF(COUNTIFS(Reçeteler!$A$5:$A$400,$A13,Reçeteler!$L$5:$L$400,"Var")>0,"Var",IF(COUNTIFS(Reçeteler!$A$5:$A$400,$A13,Reçeteler!$L$5:$L$400,"Bilinmiyor")>0,"Bilinmiyor",IF(COUNTIFS(Reçeteler!$A$5:$A$400,$A13,Reçeteler!$L$5:$L$400,"Eser")>0,"Eser","Yok"))))) | L13: =IF($A13="","",IF(COUNTIF(Reçeteler!$A$5:$A$400,$A13)=0,"Bilinmiyor",IF(COUNTIFS(Reçeteler!$A$5:$A$400,$A13,Reçeteler!$M$5:$M$400,"Var")>0,"Var",IF(COUNTIFS(Reçeteler!$A$5:$A$400,$A13,Reçeteler!$M$5:$M$400,"Bilinmiyor")>0,"Bilinmiyor",IF(COUNTIFS(Reçeteler!$A$5:$A$400,$A13,Reçeteler!$M$5:$M$400,"Eser")>0,"Eser","Yok"))))) | M13: =IF($A13="","",IF(COUNTIF(Reçeteler!$A$5:$A$400,$A13)=0,"Bilinmiyor",IF(COUNTIFS(Reçeteler!$A$5:$A$400,$A13,Reçeteler!$N$5:$N$400,"Var")>0,"Var",IF(COUNTIFS(Reçeteler!$A$5:$A$400,$A13,Reçeteler!$N$5:$N$400,"Bilinmiyor")>0,"Bilinmiyor",IF(COUNTIFS(Reçeteler!$A$5:$A$400,$A13,Reçeteler!$N$5:$N$400,"Eser")>0,"Eser","Yok"))))) | N13: =IF($A13="","",IF(COUNTIF(Reçeteler!$A$5:$A$400,$A13)=0,"Bilinmiyor",IF(COUNTIFS(Reçeteler!$A$5:$A$400,$A13,Reçeteler!$O$5:$O$400,"Var")>0,"Var",IF(COUNTIFS(Reçeteler!$A$5:$A$400,$A13,Reçeteler!$O$5:$O$400,"Bilinmiyor")>0,"Bilinmiyor",IF(COUNTIFS(Reçeteler!$A$5:$A$400,$A13,Reçeteler!$O$5:$O$400,"Eser")>0,"Eser","Yok"))))) | O13: =IF($A13="","",IF(COUNTIF(Reçeteler!$A$5:$A$400,$A13)=0,"Bilinmiyor",IF(COUNTIFS(Reçeteler!$A$5:$A$400,$A13,Reçeteler!$P$5:$P$400,"Var")>0,"Var",IF(COUNTIFS(Reçeteler!$A$5:$A$400,$A13,Reçeteler!$P$5:$P$400,"Bilinmiyor")>0,"Bilinmiyor",IF(COUNTIFS(Reçeteler!$A$5:$A$400,$A13,Reçeteler!$P$5:$P$400,"Eser")>0,"Eser","Yok"))))) | P13: =IF($A13="","",COUNTIF(Reçeteler!$A$5:$A$400,$A13)) | Q13: =IF($A13="","",IF(P13=0,"Reçete girilmedi",IF(COUNTIF(B13:O13,"Bilinmiyor")>0,"Eksik kontrol","Hazır")))
B14: =IF($A14="","",IF(COUNTIF(Reçeteler!$A$5:$A$400,$A14)=0,"Bilinmiyor",IF(COUNTIFS(Reçeteler!$A$5:$A$400,$A14,Reçeteler!$C$5:$C$400,"Var")>0,"Var",IF(COUNTIFS(Reçeteler!$A$5:$A$400,$A14,Reçeteler!$C$5:$C$400,"Bilinmiyor")>0,"Bilinmiyor",IF(COUNTIFS(Reçeteler!$A$5:$A$400,$A14,Reçeteler!$C$5:$C$400,"Eser")>0,"Eser","Yok"))))) | C14: =IF($A14="","",IF(COUNTIF(Reçeteler!$A$5:$A$400,$A14)=0,"Bilinmiyor",IF(COUNTIFS(Reçeteler!$A$5:$A$400,$A14,Reçeteler!$D$5:$D$400,"Var")>0,"Var",IF(COUNTIFS(Reçeteler!$A$5:$A$400,$A14,Reçeteler!$D$5:$D$400,"Bilinmiyor")>0,"Bilinmiyor",IF(COUNTIFS(Reçeteler!$A$5:$A$400,$A14,Reçeteler!$D$5:$D$400,"Eser")>0,"Eser","Yok"))))) | D14: =IF($A14="","",IF(COUNTIF(Reçeteler!$A$5:$A$400,$A14)=0,"Bilinmiyor",IF(COUNTIFS(Reçeteler!$A$5:$A$400,$A14,Reçeteler!$E$5:$E$400,"Var")>0,"Var",IF(COUNTIFS(Reçeteler!$A$5:$A$400,$A14,Reçeteler!$E$5:$E$400,"Bilinmiyor")>0,"Bilinmiyor",IF(COUNTIFS(Reçeteler!$A$5:$A$400,$A14,Reçeteler!$E$5:$E$400,"Eser")>0,"Eser","Yok"))))) | E14: =IF($A14="","",IF(COUNTIF(Reçeteler!$A$5:$A$400,$A14)=0,"Bilinmiyor",IF(COUNTIFS(Reçeteler!$A$5:$A$400,$A14,Reçeteler!$F$5:$F$400,"Var")>0,"Var",IF(COUNTIFS(Reçeteler!$A$5:$A$400,$A14,Reçeteler!$F$5:$F$400,"Bilinmiyor")>0,"Bilinmiyor",IF(COUNTIFS(Reçeteler!$A$5:$A$400,$A14,Reçeteler!$F$5:$F$400,"Eser")>0,"Eser","Yok"))))) | F14: =IF($A14="","",IF(COUNTIF(Reçeteler!$A$5:$A$400,$A14)=0,"Bilinmiyor",IF(COUNTIFS(Reçeteler!$A$5:$A$400,$A14,Reçeteler!$G$5:$G$400,"Var")>0,"Var",IF(COUNTIFS(Reçeteler!$A$5:$A$400,$A14,Reçeteler!$G$5:$G$400,"Bilinmiyor")>0,"Bilinmiyor",IF(COUNTIFS(Reçeteler!$A$5:$A$400,$A14,Reçeteler!$G$5:$G$400,"Eser")>0,"Eser","Yok"))))) | G14: =IF($A14="","",IF(COUNTIF(Reçeteler!$A$5:$A$400,$A14)=0,"Bilinmiyor",IF(COUNTIFS(Reçeteler!$A$5:$A$400,$A14,Reçeteler!$H$5:$H$400,"Var")>0,"Var",IF(COUNTIFS(Reçeteler!$A$5:$A$400,$A14,Reçeteler!$H$5:$H$400,"Bilinmiyor")>0,"Bilinmiyor",IF(COUNTIFS(Reçeteler!$A$5:$A$400,$A14,Reçeteler!$H$5:$H$400,"Eser")>0,"Eser","Yok"))))) | H14: =IF($A14="","",IF(COUNTIF(Reçeteler!$A$5:$A$400,$A14)=0,"Bilinmiyor",IF(COUNTIFS(Reçeteler!$A$5:$A$400,$A14,Reçeteler!$I$5:$I$400,"Var")>0,"Var",IF(COUNTIFS(Reçeteler!$A$5:$A$400,$A14,Reçeteler!$I$5:$I$400,"Bilinmiyor")>0,"Bilinmiyor",IF(COUNTIFS(Reçeteler!$A$5:$A$400,$A14,Reçeteler!$I$5:$I$400,"Eser")>0,"Eser","Yok"))))) | I14: =IF($A14="","",IF(COUNTIF(Reçeteler!$A$5:$A$400,$A14)=0,"Bilinmiyor",IF(COUNTIFS(Reçeteler!$A$5:$A$400,$A14,Reçeteler!$J$5:$J$400,"Var")>0,"Var",IF(COUNTIFS(Reçeteler!$A$5:$A$400,$A14,Reçeteler!$J$5:$J$400,"Bilinmiyor")>0,"Bilinmiyor",IF(COUNTIFS(Reçeteler!$A$5:$A$400,$A14,Reçeteler!$J$5:$J$400,"Eser")>0,"Eser","Yok"))))) | J14: =IF($A14="","",IF(COUNTIF(Reçeteler!$A$5:$A$400,$A14)=0,"Bilinmiyor",IF(COUNTIFS(Reçeteler!$A$5:$A$400,$A14,Reçeteler!$K$5:$K$400,"Var")>0,"Var",IF(COUNTIFS(Reçeteler!$A$5:$A$400,$A14,Reçeteler!$K$5:$K$400,"Bilinmiyor")>0,"Bilinmiyor",IF(COUNTIFS(Reçeteler!$A$5:$A$400,$A14,Reçeteler!$K$5:$K$400,"Eser")>0,"Eser","Yok"))))) | K14: =IF($A14="","",IF(COUNTIF(Reçeteler!$A$5:$A$400,$A14)=0,"Bilinmiyor",IF(COUNTIFS(Reçeteler!$A$5:$A$400,$A14,Reçeteler!$L$5:$L$400,"Var")>0,"Var",IF(COUNTIFS(Reçeteler!$A$5:$A$400,$A14,Reçeteler!$L$5:$L$400,"Bilinmiyor")>0,"Bilinmiyor",IF(COUNTIFS(Reçeteler!$A$5:$A$400,$A14,Reçeteler!$L$5:$L$400,"Eser")>0,"Eser","Yok"))))) | L14: =IF($A14="","",IF(COUNTIF(Reçeteler!$A$5:$A$400,$A14)=0,"Bilinmiyor",IF(COUNTIFS(Reçeteler!$A$5:$A$400,$A14,Reçeteler!$M$5:$M$400,"Var")>0,"Var",IF(COUNTIFS(Reçeteler!$A$5:$A$400,$A14,Reçeteler!$M$5:$M$400,"Bilinmiyor")>0,"Bilinmiyor",IF(COUNTIFS(Reçeteler!$A$5:$A$400,$A14,Reçeteler!$M$5:$M$400,"Eser")>0,"Eser","Yok"))))) | M14: =IF($A14="","",IF(COUNTIF(Reçeteler!$A$5:$A$400,$A14)=0,"Bilinmiyor",IF(COUNTIFS(Reçeteler!$A$5:$A$400,$A14,Reçeteler!$N$5:$N$400,"Var")>0,"Var",IF(COUNTIFS(Reçeteler!$A$5:$A$400,$A14,Reçeteler!$N$5:$N$400,"Bilinmiyor")>0,"Bilinmiyor",IF(COUNTIFS(Reçeteler!$A$5:$A$400,$A14,Reçeteler!$N$5:$N$400,"Eser")>0,"Eser","Yok"))))) | N14: =IF($A14="","",IF(COUNTIF(Reçeteler!$A$5:$A$400,$A14)=0,"Bilinmiyor",IF(COUNTIFS(Reçeteler!$A$5:$A$400,$A14,Reçeteler!$O$5:$O$400,"Var")>0,"Var",IF(COUNTIFS(Reçeteler!$A$5:$A$400,$A14,Reçeteler!$O$5:$O$400,"Bilinmiyor")>0,"Bilinmiyor",IF(COUNTIFS(Reçeteler!$A$5:$A$400,$A14,Reçeteler!$O$5:$O$400,"Eser")>0,"Eser","Yok"))))) | O14: =IF($A14="","",IF(COUNTIF(Reçeteler!$A$5:$A$400,$A14)=0,"Bilinmiyor",IF(COUNTIFS(Reçeteler!$A$5:$A$400,$A14,Reçeteler!$P$5:$P$400,"Var")>0,"Var",IF(COUNTIFS(Reçeteler!$A$5:$A$400,$A14,Reçeteler!$P$5:$P$400,"Bilinmiyor")>0,"Bilinmiyor",IF(COUNTIFS(Reçeteler!$A$5:$A$400,$A14,Reçeteler!$P$5:$P$400,"Eser")>0,"Eser","Yok"))))) | P14: =IF($A14="","",COUNTIF(Reçeteler!$A$5:$A$400,$A14)) | Q14: =IF($A14="","",IF(P14=0,"Reçete girilmedi",IF(COUNTIF(B14:O14,"Bilinmiyor")>0,"Eksik kontrol","Hazır")))
B15: =IF($A15="","",IF(COUNTIF(Reçeteler!$A$5:$A$400,$A15)=0,"Bilinmiyor",IF(COUNTIFS(Reçeteler!$A$5:$A$400,$A15,Reçeteler!$C$5:$C$400,"Var")>0,"Var",IF(COUNTIFS(Reçeteler!$A$5:$A$400,$A15,Reçeteler!$C$5:$C$400,"Bilinmiyor")>0,"Bilinmiyor",IF(COUNTIFS(Reçeteler!$A$5:$A$400,$A15,Reçeteler!$C$5:$C$400,"Eser")>0,"Eser","Yok"))))) | C15: =IF($A15="","",IF(COUNTIF(Reçeteler!$A$5:$A$400,$A15)=0,"Bilinmiyor",IF(COUNTIFS(Reçeteler!$A$5:$A$400,$A15,Reçeteler!$D$5:$D$400,"Var")>0,"Var",IF(COUNTIFS(Reçeteler!$A$5:$A$400,$A15,Reçeteler!$D$5:$D$400,"Bilinmiyor")>0,"Bilinmiyor",IF(COUNTIFS(Reçeteler!$A$5:$A$400,$A15,Reçeteler!$D$5:$D$400,"Eser")>0,"Eser","Yok"))))) | D15: =IF($A15="","",IF(COUNTIF(Reçeteler!$A$5:$A$400,$A15)=0,"Bilinmiyor",IF(COUNTIFS(Reçeteler!$A$5:$A$400,$A15,Reçeteler!$E$5:$E$400,"Var")>0,"Var",IF(COUNTIFS(Reçeteler!$A$5:$A$400,$A15,Reçeteler!$E$5:$E$400,"Bilinmiyor")>0,"Bilinmiyor",IF(COUNTIFS(Reçeteler!$A$5:$A$400,$A15,Reçeteler!$E$5:$E$400,"Eser")>0,"Eser","Yok"))))) | E15: =IF($A15="","",IF(COUNTIF(Reçeteler!$A$5:$A$400,$A15)=0,"Bilinmiyor",IF(COUNTIFS(Reçeteler!$A$5:$A$400,$A15,Reçeteler!$F$5:$F$400,"Var")>0,"Var",IF(COUNTIFS(Reçeteler!$A$5:$A$400,$A15,Reçeteler!$F$5:$F$400,"Bilinmiyor")>0,"Bilinmiyor",IF(COUNTIFS(Reçeteler!$A$5:$A$400,$A15,Reçeteler!$F$5:$F$400,"Eser")>0,"Eser","Yok"))))) | F15: =IF($A15="","",IF(COUNTIF(Reçeteler!$A$5:$A$400,$A15)=0,"Bilinmiyor",IF(COUNTIFS(Reçeteler!$A$5:$A$400,$A15,Reçeteler!$G$5:$G$400,"Var")>0,"Var",IF(COUNTIFS(Reçeteler!$A$5:$A$400,$A15,Reçeteler!$G$5:$G$400,"Bilinmiyor")>0,"Bilinmiyor",IF(COUNTIFS(Reçeteler!$A$5:$A$400,$A15,Reçeteler!$G$5:$G$400,"Eser")>0,"Eser","Yok"))))) | G15: =IF($A15="","",IF(COUNTIF(Reçeteler!$A$5:$A$400,$A15)=0,"Bilinmiyor",IF(COUNTIFS(Reçeteler!$A$5:$A$400,$A15,Reçeteler!$H$5:$H$400,"Var")>0,"Var",IF(COUNTIFS(Reçeteler!$A$5:$A$400,$A15,Reçeteler!$H$5:$H$400,"Bilinmiyor")>0,"Bilinmiyor",IF(COUNTIFS(Reçeteler!$A$5:$A$400,$A15,Reçeteler!$H$5:$H$400,"Eser")>0,"Eser","Yok"))))) | H15: =IF($A15="","",IF(COUNTIF(Reçeteler!$A$5:$A$400,$A15)=0,"Bilinmiyor",IF(COUNTIFS(Reçeteler!$A$5:$A$400,$A15,Reçeteler!$I$5:$I$400,"Var")>0,"Var",IF(COUNTIFS(Reçeteler!$A$5:$A$400,$A15,Reçeteler!$I$5:$I$400,"Bilinmiyor")>0,"Bilinmiyor",IF(COUNTIFS(Reçeteler!$A$5:$A$400,$A15,Reçeteler!$I$5:$I$400,"Eser")>0,"Eser","Yok"))))) | I15: =IF($A15="","",IF(COUNTIF(Reçeteler!$A$5:$A$400,$A15)=0,"Bilinmiyor",IF(COUNTIFS(Reçeteler!$A$5:$A$400,$A15,Reçeteler!$J$5:$J$400,"Var")>0,"Var",IF(COUNTIFS(Reçeteler!$A$5:$A$400,$A15,Reçeteler!$J$5:$J$400,"Bilinmiyor")>0,"Bilinmiyor",IF(COUNTIFS(Reçeteler!$A$5:$A$400,$A15,Reçeteler!$J$5:$J$400,"Eser")>0,"Eser","Yok"))))) | J15: =IF($A15="","",IF(COUNTIF(Reçeteler!$A$5:$A$400,$A15)=0,"Bilinmiyor",IF(COUNTIFS(Reçeteler!$A$5:$A$400,$A15,Reçeteler!$K$5:$K$400,"Var")>0,"Var",IF(COUNTIFS(Reçeteler!$A$5:$A$400,$A15,Reçeteler!$K$5:$K$400,"Bilinmiyor")>0,"Bilinmiyor",IF(COUNTIFS(Reçeteler!$A$5:$A$400,$A15,Reçeteler!$K$5:$K$400,"Eser")>0,"Eser","Yok"))))) | K15: =IF($A15="","",IF(COUNTIF(Reçeteler!$A$5:$A$400,$A15)=0,"Bilinmiyor",IF(COUNTIFS(Reçeteler!$A$5:$A$400,$A15,Reçeteler!$L$5:$L$400,"Var")>0,"Var",IF(COUNTIFS(Reçeteler!$A$5:$A$400,$A15,Reçeteler!$L$5:$L$400,"Bilinmiyor")>0,"Bilinmiyor",IF(COUNTIFS(Reçeteler!$A$5:$A$400,$A15,Reçeteler!$L$5:$L$400,"Eser")>0,"Eser","Yok"))))) | L15: =IF($A15="","",IF(COUNTIF(Reçeteler!$A$5:$A$400,$A15)=0,"Bilinmiyor",IF(COUNTIFS(Reçeteler!$A$5:$A$400,$A15,Reçeteler!$M$5:$M$400,"Var")>0,"Var",IF(COUNTIFS(Reçeteler!$A$5:$A$400,$A15,Reçeteler!$M$5:$M$400,"Bilinmiyor")>0,"Bilinmiyor",IF(COUNTIFS(Reçeteler!$A$5:$A$400,$A15,Reçeteler!$M$5:$M$400,"Eser")>0,"Eser","Yok"))))) | M15: =IF($A15="","",IF(COUNTIF(Reçeteler!$A$5:$A$400,$A15)=0,"Bilinmiyor",IF(COUNTIFS(Reçeteler!$A$5:$A$400,$A15,Reçeteler!$N$5:$N$400,"Var")>0,"Var",IF(COUNTIFS(Reçeteler!$A$5:$A$400,$A15,Reçeteler!$N$5:$N$400,"Bilinmiyor")>0,"Bilinmiyor",IF(COUNTIFS(Reçeteler!$A$5:$A$400,$A15,Reçeteler!$N$5:$N$400,"Eser")>0,"Eser","Yok"))))) | N15: =IF($A15="","",IF(COUNTIF(Reçeteler!$A$5:$A$400,$A15)=0,"Bilinmiyor",IF(COUNTIFS(Reçeteler!$A$5:$A$400,$A15,Reçeteler!$O$5:$O$400,"Var")>0,"Var",IF(COUNTIFS(Reçeteler!$A$5:$A$400,$A15,Reçeteler!$O$5:$O$400,"Bilinmiyor")>0,"Bilinmiyor",IF(COUNTIFS(Reçeteler!$A$5:$A$400,$A15,Reçeteler!$O$5:$O$400,"Eser")>0,"Eser","Yok"))))) | O15: =IF($A15="","",IF(COUNTIF(Reçeteler!$A$5:$A$400,$A15)=0,"Bilinmiyor",IF(COUNTIFS(Reçeteler!$A$5:$A$400,$A15,Reçeteler!$P$5:$P$400,"Var")>0,"Var",IF(COUNTIFS(Reçeteler!$A$5:$A$400,$A15,Reçeteler!$P$5:$P$400,"Bilinmiyor")>0,"Bilinmiyor",IF(COUNTIFS(Reçeteler!$A$5:$A$400,$A15,Reçeteler!$P$5:$P$400,"Eser")>0,"Eser","Yok"))))) | P15: =IF($A15="","",COUNTIF(Reçeteler!$A$5:$A$400,$A15)) | Q15: =IF($A15="","",IF(P15=0,"Reçete girilmedi",IF(COUNTIF(B15:O15,"Bilinmiyor")>0,"Eksik kontrol","Hazır")))
B16: =IF($A16="","",IF(COUNTIF(Reçeteler!$A$5:$A$400,$A16)=0,"Bilinmiyor",IF(COUNTIFS(Reçeteler!$A$5:$A$400,$A16,Reçeteler!$C$5:$C$400,"Var")>0,"Var",IF(COUNTIFS(Reçeteler!$A$5:$A$400,$A16,Reçeteler!$C$5:$C$400,"Bilinmiyor")>0,"Bilinmiyor",IF(COUNTIFS(Reçeteler!$A$5:$A$400,$A16,Reçeteler!$C$5:$C$400,"Eser")>0,"Eser","Yok"))))) | C16: =IF($A16="","",IF(COUNTIF(Reçeteler!$A$5:$A$400,$A16)=0,"Bilinmiyor",IF(COUNTIFS(Reçeteler!$A$5:$A$400,$A16,Reçeteler!$D$5:$D$400,"Var")>0,"Var",IF(COUNTIFS(Reçeteler!$A$5:$A$400,$A16,Reçeteler!$D$5:$D$400,"Bilinmiyor")>0,"Bilinmiyor",IF(COUNTIFS(Reçeteler!$A$5:$A$400,$A16,Reçeteler!$D$5:$D$400,"Eser")>0,"Eser","Yok"))))) | D16: =IF($A16="","",IF(COUNTIF(Reçeteler!$A$5:$A$400,$A16)=0,"Bilinmiyor",IF(COUNTIFS(Reçeteler!$A$5:$A$400,$A16,Reçeteler!$E$5:$E$400,"Var")>0,"Var",IF(COUNTIFS(Reçeteler!$A$5:$A$400,$A16,Reçeteler!$E$5:$E$400,"Bilinmiyor")>0,"Bilinmiyor",IF(COUNTIFS(Reçeteler!$A$5:$A$400,$A16,Reçeteler!$E$5:$E$400,"Eser")>0,"Eser","Yok"))))) | E16: =IF($A16="","",IF(COUNTIF(Reçeteler!$A$5:$A$400,$A16)=0,"Bilinmiyor",IF(COUNTIFS(Reçeteler!$A$5:$A$400,$A16,Reçeteler!$F$5:$F$400,"Var")>0,"Var",IF(COUNTIFS(Reçeteler!$A$5:$A$400,$A16,Reçeteler!$F$5:$F$400,"Bilinmiyor")>0,"Bilinmiyor",IF(COUNTIFS(Reçeteler!$A$5:$A$400,$A16,Reçeteler!$F$5:$F$400,"Eser")>0,"Eser","Yok"))))) | F16: =IF($A16="","",IF(COUNTIF(Reçeteler!$A$5:$A$400,$A16)=0,"Bilinmiyor",IF(COUNTIFS(Reçeteler!$A$5:$A$400,$A16,Reçeteler!$G$5:$G$400,"Var")>0,"Var",IF(COUNTIFS(Reçeteler!$A$5:$A$400,$A16,Reçeteler!$G$5:$G$400,"Bilinmiyor")>0,"Bilinmiyor",IF(COUNTIFS(Reçeteler!$A$5:$A$400,$A16,Reçeteler!$G$5:$G$400,"Eser")>0,"Eser","Yok"))))) | G16: =IF($A16="","",IF(COUNTIF(Reçeteler!$A$5:$A$400,$A16)=0,"Bilinmiyor",IF(COUNTIFS(Reçeteler!$A$5:$A$400,$A16,Reçeteler!$H$5:$H$400,"Var")>0,"Var",IF(COUNTIFS(Reçeteler!$A$5:$A$400,$A16,Reçeteler!$H$5:$H$400,"Bilinmiyor")>0,"Bilinmiyor",IF(COUNTIFS(Reçeteler!$A$5:$A$400,$A16,Reçeteler!$H$5:$H$400,"Eser")>0,"Eser","Yok"))))) | H16: =IF($A16="","",IF(COUNTIF(Reçeteler!$A$5:$A$400,$A16)=0,"Bilinmiyor",IF(COUNTIFS(Reçeteler!$A$5:$A$400,$A16,Reçeteler!$I$5:$I$400,"Var")>0,"Var",IF(COUNTIFS(Reçeteler!$A$5:$A$400,$A16,Reçeteler!$I$5:$I$400,"Bilinmiyor")>0,"Bilinmiyor",IF(COUNTIFS(Reçeteler!$A$5:$A$400,$A16,Reçeteler!$I$5:$I$400,"Eser")>0,"Eser","Yok"))))) | I16: =IF($A16="","",IF(COUNTIF(Reçeteler!$A$5:$A$400,$A16)=0,"Bilinmiyor",IF(COUNTIFS(Reçeteler!$A$5:$A$400,$A16,Reçeteler!$J$5:$J$400,"Var")>0,"Var",IF(COUNTIFS(Reçeteler!$A$5:$A$400,$A16,Reçeteler!$J$5:$J$400,"Bilinmiyor")>0,"Bilinmiyor",IF(COUNTIFS(Reçeteler!$A$5:$A$400,$A16,Reçeteler!$J$5:$J$400,"Eser")>0,"Eser","Yok"))))) | J16: =IF($A16="","",IF(COUNTIF(Reçeteler!$A$5:$A$400,$A16)=0,"Bilinmiyor",IF(COUNTIFS(Reçeteler!$A$5:$A$400,$A16,Reçeteler!$K$5:$K$400,"Var")>0,"Var",IF(COUNTIFS(Reçeteler!$A$5:$A$400,$A16,Reçeteler!$K$5:$K$400,"Bilinmiyor")>0,"Bilinmiyor",IF(COUNTIFS(Reçeteler!$A$5:$A$400,$A16,Reçeteler!$K$5:$K$400,"Eser")>0,"Eser","Yok"))))) | K16: =IF($A16="","",IF(COUNTIF(Reçeteler!$A$5:$A$400,$A16)=0,"Bilinmiyor",IF(COUNTIFS(Reçeteler!$A$5:$A$400,$A16,Reçeteler!$L$5:$L$400,"Var")>0,"Var",IF(COUNTIFS(Reçeteler!$A$5:$A$400,$A16,Reçeteler!$L$5:$L$400,"Bilinmiyor")>0,"Bilinmiyor",IF(COUNTIFS(Reçeteler!$A$5:$A$400,$A16,Reçeteler!$L$5:$L$400,"Eser")>0,"Eser","Yok"))))) | L16: =IF($A16="","",IF(COUNTIF(Reçeteler!$A$5:$A$400,$A16)=0,"Bilinmiyor",IF(COUNTIFS(Reçeteler!$A$5:$A$400,$A16,Reçeteler!$M$5:$M$400,"Var")>0,"Var",IF(COUNTIFS(Reçeteler!$A$5:$A$400,$A16,Reçeteler!$M$5:$M$400,"Bilinmiyor")>0,"Bilinmiyor",IF(COUNTIFS(Reçeteler!$A$5:$A$400,$A16,Reçeteler!$M$5:$M$400,"Eser")>0,"Eser","Yok"))))) | M16: =IF($A16="","",IF(COUNTIF(Reçeteler!$A$5:$A$400,$A16)=0,"Bilinmiyor",IF(COUNTIFS(Reçeteler!$A$5:$A$400,$A16,Reçeteler!$N$5:$N$400,"Var")>0,"Var",IF(COUNTIFS(Reçeteler!$A$5:$A$400,$A16,Reçeteler!$N$5:$N$400,"Bilinmiyor")>0,"Bilinmiyor",IF(COUNTIFS(Reçeteler!$A$5:$A$400,$A16,Reçeteler!$N$5:$N$400,"Eser")>0,"Eser","Yok"))))) | N16: =IF($A16="","",IF(COUNTIF(Reçeteler!$A$5:$A$400,$A16)=0,"Bilinmiyor",IF(COUNTIFS(Reçeteler!$A$5:$A$400,$A16,Reçeteler!$O$5:$O$400,"Var")>0,"Var",IF(COUNTIFS(Reçeteler!$A$5:$A$400,$A16,Reçeteler!$O$5:$O$400,"Bilinmiyor")>0,"Bilinmiyor",IF(COUNTIFS(Reçeteler!$A$5:$A$400,$A16,Reçeteler!$O$5:$O$400,"Eser")>0,"Eser","Yok"))))) | O16: =IF($A16="","",IF(COUNTIF(Reçeteler!$A$5:$A$400,$A16)=0,"Bilinmiyor",IF(COUNTIFS(Reçeteler!$A$5:$A$400,$A16,Reçeteler!$P$5:$P$400,"Var")>0,"Var",IF(COUNTIFS(Reçeteler!$A$5:$A$400,$A16,Reçeteler!$P$5:$P$400,"Bilinmiyor")>0,"Bilinmiyor",IF(COUNTIFS(Reçeteler!$A$5:$A$400,$A16,Reçeteler!$P$5:$P$400,"Eser")>0,"Eser","Yok"))))) | P16: =IF($A16="","",COUNTIF(Reçeteler!$A$5:$A$400,$A16)) | Q16: =IF($A16="","",IF(P16=0,"Reçete girilmedi",IF(COUNTIF(B16:O16,"Bilinmiyor")>0,"Eksik kontrol","Hazır")))
B17: =IF($A17="","",IF(COUNTIF(Reçeteler!$A$5:$A$400,$A17)=0,"Bilinmiyor",IF(COUNTIFS(Reçeteler!$A$5:$A$400,$A17,Reçeteler!$C$5:$C$400,"Var")>0,"Var",IF(COUNTIFS(Reçeteler!$A$5:$A$400,$A17,Reçeteler!$C$5:$C$400,"Bilinmiyor")>0,"Bilinmiyor",IF(COUNTIFS(Reçeteler!$A$5:$A$400,$A17,Reçeteler!$C$5:$C$400,"Eser")>0,"Eser","Yok"))))) | C17: =IF($A17="","",IF(COUNTIF(Reçeteler!$A$5:$A$400,$A17)=0,"Bilinmiyor",IF(COUNTIFS(Reçeteler!$A$5:$A$400,$A17,Reçeteler!$D$5:$D$400,"Var")>0,"Var",IF(COUNTIFS(Reçeteler!$A$5:$A$400,$A17,Reçeteler!$D$5:$D$400,"Bilinmiyor")>0,"Bilinmiyor",IF(COUNTIFS(Reçeteler!$A$5:$A$400,$A17,Reçeteler!$D$5:$D$400,"Eser")>0,"Eser","Yok"))))) | D17: =IF($A17="","",IF(COUNTIF(Reçeteler!$A$5:$A$400,$A17)=0,"Bilinmiyor",IF(COUNTIFS(Reçeteler!$A$5:$A$400,$A17,Reçeteler!$E$5:$E$400,"Var")>0,"Var",IF(COUNTIFS(Reçeteler!$A$5:$A$400,$A17,Reçeteler!$E$5:$E$400,"Bilinmiyor")>0,"Bilinmiyor",IF(COUNTIFS(Reçeteler!$A$5:$A$400,$A17,Reçeteler!$E$5:$E$400,"Eser")>0,"Eser","Yok"))))) | E17: =IF($A17="","",IF(COUNTIF(Reçeteler!$A$5:$A$400,$A17)=0,"Bilinmiyor",IF(COUNTIFS(Reçeteler!$A$5:$A$400,$A17,Reçeteler!$F$5:$F$400,"Var")>0,"Var",IF(COUNTIFS(Reçeteler!$A$5:$A$400,$A17,Reçeteler!$F$5:$F$400,"Bilinmiyor")>0,"Bilinmiyor",IF(COUNTIFS(Reçeteler!$A$5:$A$400,$A17,Reçeteler!$F$5:$F$400,"Eser")>0,"Eser","Yok"))))) | F17: =IF($A17="","",IF(COUNTIF(Reçeteler!$A$5:$A$400,$A17)=0,"Bilinmiyor",IF(COUNTIFS(Reçeteler!$A$5:$A$400,$A17,Reçeteler!$G$5:$G$400,"Var")>0,"Var",IF(COUNTIFS(Reçeteler!$A$5:$A$400,$A17,Reçeteler!$G$5:$G$400,"Bilinmiyor")>0,"Bilinmiyor",IF(COUNTIFS(Reçeteler!$A$5:$A$400,$A17,Reçeteler!$G$5:$G$400,"Eser")>0,"Eser","Yok"))))) | G17: =IF($A17="","",IF(COUNTIF(Reçeteler!$A$5:$A$400,$A17)=0,"Bilinmiyor",IF(COUNTIFS(Reçeteler!$A$5:$A$400,$A17,Reçeteler!$H$5:$H$400,"Var")>0,"Var",IF(COUNTIFS(Reçeteler!$A$5:$A$400,$A17,Reçeteler!$H$5:$H$400,"Bilinmiyor")>0,"Bilinmiyor",IF(COUNTIFS(Reçeteler!$A$5:$A$400,$A17,Reçeteler!$H$5:$H$400,"Eser")>0,"Eser","Yok"))))) | H17: =IF($A17="","",IF(COUNTIF(Reçeteler!$A$5:$A$400,$A17)=0,"Bilinmiyor",IF(COUNTIFS(Reçeteler!$A$5:$A$400,$A17,Reçeteler!$I$5:$I$400,"Var")>0,"Var",IF(COUNTIFS(Reçeteler!$A$5:$A$400,$A17,Reçeteler!$I$5:$I$400,"Bilinmiyor")>0,"Bilinmiyor",IF(COUNTIFS(Reçeteler!$A$5:$A$400,$A17,Reçeteler!$I$5:$I$400,"Eser")>0,"Eser","Yok"))))) | I17: =IF($A17="","",IF(COUNTIF(Reçeteler!$A$5:$A$400,$A17)=0,"Bilinmiyor",IF(COUNTIFS(Reçeteler!$A$5:$A$400,$A17,Reçeteler!$J$5:$J$400,"Var")>0,"Var",IF(COUNTIFS(Reçeteler!$A$5:$A$400,$A17,Reçeteler!$J$5:$J$400,"Bilinmiyor")>0,"Bilinmiyor",IF(COUNTIFS(Reçeteler!$A$5:$A$400,$A17,Reçeteler!$J$5:$J$400,"Eser")>0,"Eser","Yok"))))) | J17: =IF($A17="","",IF(COUNTIF(Reçeteler!$A$5:$A$400,$A17)=0,"Bilinmiyor",IF(COUNTIFS(Reçeteler!$A$5:$A$400,$A17,Reçeteler!$K$5:$K$400,"Var")>0,"Var",IF(COUNTIFS(Reçeteler!$A$5:$A$400,$A17,Reçeteler!$K$5:$K$400,"Bilinmiyor")>0,"Bilinmiyor",IF(COUNTIFS(Reçeteler!$A$5:$A$400,$A17,Reçeteler!$K$5:$K$400,"Eser")>0,"Eser","Yok"))))) | K17: =IF($A17="","",IF(COUNTIF(Reçeteler!$A$5:$A$400,$A17)=0,"Bilinmiyor",IF(COUNTIFS(Reçeteler!$A$5:$A$400,$A17,Reçeteler!$L$5:$L$400,"Var")>0,"Var",IF(COUNTIFS(Reçeteler!$A$5:$A$400,$A17,Reçeteler!$L$5:$L$400,"Bilinmiyor")>0,"Bilinmiyor",IF(COUNTIFS(Reçeteler!$A$5:$A$400,$A17,Reçeteler!$L$5:$L$400,"Eser")>0,"Eser","Yok"))))) | L17: =IF($A17="","",IF(COUNTIF(Reçeteler!$A$5:$A$400,$A17)=0,"Bilinmiyor",IF(COUNTIFS(Reçeteler!$A$5:$A$400,$A17,Reçeteler!$M$5:$M$400,"Var")>0,"Var",IF(COUNTIFS(Reçeteler!$A$5:$A$400,$A17,Reçeteler!$M$5:$M$400,"Bilinmiyor")>0,"Bilinmiyor",IF(COUNTIFS(Reçeteler!$A$5:$A$400,$A17,Reçeteler!$M$5:$M$400,"Eser")>0,"Eser","Yok"))))) | M17: =IF($A17="","",IF(COUNTIF(Reçeteler!$A$5:$A$400,$A17)=0,"Bilinmiyor",IF(COUNTIFS(Reçeteler!$A$5:$A$400,$A17,Reçeteler!$N$5:$N$400,"Var")>0,"Var",IF(COUNTIFS(Reçeteler!$A$5:$A$400,$A17,Reçeteler!$N$5:$N$400,"Bilinmiyor")>0,"Bilinmiyor",IF(COUNTIFS(Reçeteler!$A$5:$A$400,$A17,Reçeteler!$N$5:$N$400,"Eser")>0,"Eser","Yok"))))) | N17: =IF($A17="","",IF(COUNTIF(Reçeteler!$A$5:$A$400,$A17)=0,"Bilinmiyor",IF(COUNTIFS(Reçeteler!$A$5:$A$400,$A17,Reçeteler!$O$5:$O$400,"Var")>0,"Var",IF(COUNTIFS(Reçeteler!$A$5:$A$400,$A17,Reçeteler!$O$5:$O$400,"Bilinmiyor")>0,"Bilinmiyor",IF(COUNTIFS(Reçeteler!$A$5:$A$400,$A17,Reçeteler!$O$5:$O$400,"Eser")>0,"Eser","Yok"))))) | O17: =IF($A17="","",IF(COUNTIF(Reçeteler!$A$5:$A$400,$A17)=0,"Bilinmiyor",IF(COUNTIFS(Reçeteler!$A$5:$A$400,$A17,Reçeteler!$P$5:$P$400,"Var")>0,"Var",IF(COUNTIFS(Reçeteler!$A$5:$A$400,$A17,Reçeteler!$P$5:$P$400,"Bilinmiyor")>0,"Bilinmiyor",IF(COUNTIFS(Reçeteler!$A$5:$A$400,$A17,Reçeteler!$P$5:$P$400,"Eser")>0,"Eser","Yok"))))) | P17: =IF($A17="","",COUNTIF(Reçeteler!$A$5:$A$400,$A17)) | Q17: =IF($A17="","",IF(P17=0,"Reçete girilmedi",IF(COUNTIF(B17:O17,"Bilinmiyor")>0,"Eksik kontrol","Hazır")))
B18: =IF($A18="","",IF(COUNTIF(Reçeteler!$A$5:$A$400,$A18)=0,"Bilinmiyor",IF(COUNTIFS(Reçeteler!$A$5:$A$400,$A18,Reçeteler!$C$5:$C$400,"Var")>0,"Var",IF(COUNTIFS(Reçeteler!$A$5:$A$400,$A18,Reçeteler!$C$5:$C$400,"Bilinmiyor")>0,"Bilinmiyor",IF(COUNTIFS(Reçeteler!$A$5:$A$400,$A18,Reçeteler!$C$5:$C$400,"Eser")>0,"Eser","Yok"))))) | C18: =IF($A18="","",IF(COUNTIF(Reçeteler!$A$5:$A$400,$A18)=0,"Bilinmiyor",IF(COUNTIFS(Reçeteler!$A$5:$A$400,$A18,Reçeteler!$D$5:$D$400,"Var")>0,"Var",IF(COUNTIFS(Reçeteler!$A$5:$A$400,$A18,Reçeteler!$D$5:$D$400,"Bilinmiyor")>0,"Bilinmiyor",IF(COUNTIFS(Reçeteler!$A$5:$A$400,$A18,Reçeteler!$D$5:$D$400,"Eser")>0,"Eser","Yok"))))) | D18: =IF($A18="","",IF(COUNTIF(Reçeteler!$A$5:$A$400,$A18)=0,"Bilinmiyor",IF(COUNTIFS(Reçeteler!$A$5:$A$400,$A18,Reçeteler!$E$5:$E$400,"Var")>0,"Var",IF(COUNTIFS(Reçeteler!$A$5:$A$400,$A18,Reçeteler!$E$5:$E$400,"Bilinmiyor")>0,"Bilinmiyor",IF(COUNTIFS(Reçeteler!$A$5:$A$400,$A18,Reçeteler!$E$5:$E$400,"Eser")>0,"Eser","Yok"))))) | E18: =IF($A18="","",IF(COUNTIF(Reçeteler!$A$5:$A$400,$A18)=0,"Bilinmiyor",IF(COUNTIFS(Reçeteler!$A$5:$A$400,$A18,Reçeteler!$F$5:$F$400,"Var")>0,"Var",IF(COUNTIFS(Reçeteler!$A$5:$A$400,$A18,Reçeteler!$F$5:$F$400,"Bilinmiyor")>0,"Bilinmiyor",IF(COUNTIFS(Reçeteler!$A$5:$A$400,$A18,Reçeteler!$F$5:$F$400,"Eser")>0,"Eser","Yok"))))) | F18: =IF($A18="","",IF(COUNTIF(Reçeteler!$A$5:$A$400,$A18)=0,"Bilinmiyor",IF(COUNTIFS(Reçeteler!$A$5:$A$400,$A18,Reçeteler!$G$5:$G$400,"Var")>0,"Var",IF(COUNTIFS(Reçeteler!$A$5:$A$400,$A18,Reçeteler!$G$5:$G$400,"Bilinmiyor")>0,"Bilinmiyor",IF(COUNTIFS(Reçeteler!$A$5:$A$400,$A18,Reçeteler!$G$5:$G$400,"Eser")>0,"Eser","Yok"))))) | G18: =IF($A18="","",IF(COUNTIF(Reçeteler!$A$5:$A$400,$A18)=0,"Bilinmiyor",IF(COUNTIFS(Reçeteler!$A$5:$A$400,$A18,Reçeteler!$H$5:$H$400,"Var")>0,"Var",IF(COUNTIFS(Reçeteler!$A$5:$A$400,$A18,Reçeteler!$H$5:$H$400,"Bilinmiyor")>0,"Bilinmiyor",IF(COUNTIFS(Reçeteler!$A$5:$A$400,$A18,Reçeteler!$H$5:$H$400,"Eser")>0,"Eser","Yok"))))) | H18: =IF($A18="","",IF(COUNTIF(Reçeteler!$A$5:$A$400,$A18)=0,"Bilinmiyor",IF(COUNTIFS(Reçeteler!$A$5:$A$400,$A18,Reçeteler!$I$5:$I$400,"Var")>0,"Var",IF(COUNTIFS(Reçeteler!$A$5:$A$400,$A18,Reçeteler!$I$5:$I$400,"Bilinmiyor")>0,"Bilinmiyor",IF(COUNTIFS(Reçeteler!$A$5:$A$400,$A18,Reçeteler!$I$5:$I$400,"Eser")>0,"Eser","Yok"))))) | I18: =IF($A18="","",IF(COUNTIF(Reçeteler!$A$5:$A$400,$A18)=0,"Bilinmiyor",IF(COUNTIFS(Reçeteler!$A$5:$A$400,$A18,Reçeteler!$J$5:$J$400,"Var")>0,"Var",IF(COUNTIFS(Reçeteler!$A$5:$A$400,$A18,Reçeteler!$J$5:$J$400,"Bilinmiyor")>0,"Bilinmiyor",IF(COUNTIFS(Reçeteler!$A$5:$A$400,$A18,Reçeteler!$J$5:$J$400,"Eser")>0,"Eser","Yok"))))) | J18: =IF($A18="","",IF(COUNTIF(Reçeteler!$A$5:$A$400,$A18)=0,"Bilinmiyor",IF(COUNTIFS(Reçeteler!$A$5:$A$400,$A18,Reçeteler!$K$5:$K$400,"Var")>0,"Var",IF(COUNTIFS(Reçeteler!$A$5:$A$400,$A18,Reçeteler!$K$5:$K$400,"Bilinmiyor")>0,"Bilinmiyor",IF(COUNTIFS(Reçeteler!$A$5:$A$400,$A18,Reçeteler!$K$5:$K$400,"Eser")>0,"Eser","Yok"))))) | K18: =IF($A18="","",IF(COUNTIF(Reçeteler!$A$5:$A$400,$A18)=0,"Bilinmiyor",IF(COUNTIFS(Reçeteler!$A$5:$A$400,$A18,Reçeteler!$L$5:$L$400,"Var")>0,"Var",IF(COUNTIFS(Reçeteler!$A$5:$A$400,$A18,Reçeteler!$L$5:$L$400,"Bilinmiyor")>0,"Bilinmiyor",IF(COUNTIFS(Reçeteler!$A$5:$A$400,$A18,Reçeteler!$L$5:$L$400,"Eser")>0,"Eser","Yok"))))) | L18: =IF($A18="","",IF(COUNTIF(Reçeteler!$A$5:$A$400,$A18)=0,"Bilinmiyor",IF(COUNTIFS(Reçeteler!$A$5:$A$400,$A18,Reçeteler!$M$5:$M$400,"Var")>0,"Var",IF(COUNTIFS(Reçeteler!$A$5:$A$400,$A18,Reçeteler!$M$5:$M$400,"Bilinmiyor")>0,"Bilinmiyor",IF(COUNTIFS(Reçeteler!$A$5:$A$400,$A18,Reçeteler!$M$5:$M$400,"Eser")>0,"Eser","Yok"))))) | M18: =IF($A18="","",IF(COUNTIF(Reçeteler!$A$5:$A$400,$A18)=0,"Bilinmiyor",IF(COUNTIFS(Reçeteler!$A$5:$A$400,$A18,Reçeteler!$N$5:$N$400,"Var")>0,"Var",IF(COUNTIFS(Reçeteler!$A$5:$A$400,$A18,Reçeteler!$N$5:$N$400,"Bilinmiyor")>0,"Bilinmiyor",IF(COUNTIFS(Reçeteler!$A$5:$A$400,$A18,Reçeteler!$N$5:$N$400,"Eser")>0,"Eser","Yok"))))) | N18: =IF($A18="","",IF(COUNTIF(Reçeteler!$A$5:$A$400,$A18)=0,"Bilinmiyor",IF(COUNTIFS(Reçeteler!$A$5:$A$400,$A18,Reçeteler!$O$5:$O$400,"Var")>0,"Var",IF(COUNTIFS(Reçeteler!$A$5:$A$400,$A18,Reçeteler!$O$5:$O$400,"Bilinmiyor")>0,"Bilinmiyor",IF(COUNTIFS(Reçeteler!$A$5:$A$400,$A18,Reçeteler!$O$5:$O$400,"Eser")>0,"Eser","Yok"))))) | O18: =IF($A18="","",IF(COUNTIF(Reçeteler!$A$5:$A$400,$A18)=0,"Bilinmiyor",IF(COUNTIFS(Reçeteler!$A$5:$A$400,$A18,Reçeteler!$P$5:$P$400,"Var")>0,"Var",IF(COUNTIFS(Reçeteler!$A$5:$A$400,$A18,Reçeteler!$P$5:$P$400,"Bilinmiyor")>0,"Bilinmiyor",IF(COUNTIFS(Reçeteler!$A$5:$A$400,$A18,Reçeteler!$P$5:$P$400,"Eser")>0,"Eser","Yok"))))) | P18: =IF($A18="","",COUNTIF(Reçeteler!$A$5:$A$400,$A18)) | Q18: =IF($A18="","",IF(P18=0,"Reçete girilmedi",IF(COUNTIF(B18:O18,"Bilinmiyor")>0,"Eksik kontrol","Hazır")))
B19: =IF($A19="","",IF(COUNTIF(Reçeteler!$A$5:$A$400,$A19)=0,"Bilinmiyor",IF(COUNTIFS(Reçeteler!$A$5:$A$400,$A19,Reçeteler!$C$5:$C$400,"Var")>0,"Var",IF(COUNTIFS(Reçeteler!$A$5:$A$400,$A19,Reçeteler!$C$5:$C$400,"Bilinmiyor")>0,"Bilinmiyor",IF(COUNTIFS(Reçeteler!$A$5:$A$400,$A19,Reçeteler!$C$5:$C$400,"Eser")>0,"Eser","Yok"))))) | C19: =IF($A19="","",IF(COUNTIF(Reçeteler!$A$5:$A$400,$A19)=0,"Bilinmiyor",IF(COUNTIFS(Reçeteler!$A$5:$A$400,$A19,Reçeteler!$D$5:$D$400,"Var")>0,"Var",IF(COUNTIFS(Reçeteler!$A$5:$A$400,$A19,Reçeteler!$D$5:$D$400,"Bilinmiyor")>0,"Bilinmiyor",IF(COUNTIFS(Reçeteler!$A$5:$A$400,$A19,Reçeteler!$D$5:$D$400,"Eser")>0,"Eser","Yok"))))) | D19: =IF($A19="","",IF(COUNTIF(Reçeteler!$A$5:$A$400,$A19)=0,"Bilinmiyor",IF(COUNTIFS(Reçeteler!$A$5:$A$400,$A19,Reçeteler!$E$5:$E$400,"Var")>0,"Var",IF(COUNTIFS(Reçeteler!$A$5:$A$400,$A19,Reçeteler!$E$5:$E$400,"Bilinmiyor")>0,"Bilinmiyor",IF(COUNTIFS(Reçeteler!$A$5:$A$400,$A19,Reçeteler!$E$5:$E$400,"Eser")>0,"Eser","Yok"))))) | E19: =IF($A19="","",IF(COUNTIF(Reçeteler!$A$5:$A$400,$A19)=0,"Bilinmiyor",IF(COUNTIFS(Reçeteler!$A$5:$A$400,$A19,Reçeteler!$F$5:$F$400,"Var")>0,"Var",IF(COUNTIFS(Reçeteler!$A$5:$A$400,$A19,Reçeteler!$F$5:$F$400,"Bilinmiyor")>0,"Bilinmiyor",IF(COUNTIFS(Reçeteler!$A$5:$A$400,$A19,Reçeteler!$F$5:$F$400,"Eser")>0,"Eser","Yok"))))) | F19: =IF($A19="","",IF(COUNTIF(Reçeteler!$A$5:$A$400,$A19)=0,"Bilinmiyor",IF(COUNTIFS(Reçeteler!$A$5:$A$400,$A19,Reçeteler!$G$5:$G$400,"Var")>0,"Var",IF(COUNTIFS(Reçeteler!$A$5:$A$400,$A19,Reçeteler!$G$5:$G$400,"Bilinmiyor")>0,"Bilinmiyor",IF(COUNTIFS(Reçeteler!$A$5:$A$400,$A19,Reçeteler!$G$5:$G$400,"Eser")>0,"Eser","Yok"))))) | G19: =IF($A19="","",IF(COUNTIF(Reçeteler!$A$5:$A$400,$A19)=0,"Bilinmiyor",IF(COUNTIFS(Reçeteler!$A$5:$A$400,$A19,Reçeteler!$H$5:$H$400,"Var")>0,"Var",IF(COUNTIFS(Reçeteler!$A$5:$A$400,$A19,Reçeteler!$H$5:$H$400,"Bilinmiyor")>0,"Bilinmiyor",IF(COUNTIFS(Reçeteler!$A$5:$A$400,$A19,Reçeteler!$H$5:$H$400,"Eser")>0,"Eser","Yok"))))) | H19: =IF($A19="","",IF(COUNTIF(Reçeteler!$A$5:$A$400,$A19)=0,"Bilinmiyor",IF(COUNTIFS(Reçeteler!$A$5:$A$400,$A19,Reçeteler!$I$5:$I$400,"Var")>0,"Var",IF(COUNTIFS(Reçeteler!$A$5:$A$400,$A19,Reçeteler!$I$5:$I$400,"Bilinmiyor")>0,"Bilinmiyor",IF(COUNTIFS(Reçeteler!$A$5:$A$400,$A19,Reçeteler!$I$5:$I$400,"Eser")>0,"Eser","Yok"))))) | I19: =IF($A19="","",IF(COUNTIF(Reçeteler!$A$5:$A$400,$A19)=0,"Bilinmiyor",IF(COUNTIFS(Reçeteler!$A$5:$A$400,$A19,Reçeteler!$J$5:$J$400,"Var")>0,"Var",IF(COUNTIFS(Reçeteler!$A$5:$A$400,$A19,Reçeteler!$J$5:$J$400,"Bilinmiyor")>0,"Bilinmiyor",IF(COUNTIFS(Reçeteler!$A$5:$A$400,$A19,Reçeteler!$J$5:$J$400,"Eser")>0,"Eser","Yok"))))) | J19: =IF($A19="","",IF(COUNTIF(Reçeteler!$A$5:$A$400,$A19)=0,"Bilinmiyor",IF(COUNTIFS(Reçeteler!$A$5:$A$400,$A19,Reçeteler!$K$5:$K$400,"Var")>0,"Var",IF(COUNTIFS(Reçeteler!$A$5:$A$400,$A19,Reçeteler!$K$5:$K$400,"Bilinmiyor")>0,"Bilinmiyor",IF(COUNTIFS(Reçeteler!$A$5:$A$400,$A19,Reçeteler!$K$5:$K$400,"Eser")>0,"Eser","Yok"))))) | K19: =IF($A19="","",IF(COUNTIF(Reçeteler!$A$5:$A$400,$A19)=0,"Bilinmiyor",IF(COUNTIFS(Reçeteler!$A$5:$A$400,$A19,Reçeteler!$L$5:$L$400,"Var")>0,"Var",IF(COUNTIFS(Reçeteler!$A$5:$A$400,$A19,Reçeteler!$L$5:$L$400,"Bilinmiyor")>0,"Bilinmiyor",IF(COUNTIFS(Reçeteler!$A$5:$A$400,$A19,Reçeteler!$L$5:$L$400,"Eser")>0,"Eser","Yok"))))) | L19: =IF($A19="","",IF(COUNTIF(Reçeteler!$A$5:$A$400,$A19)=0,"Bilinmiyor",IF(COUNTIFS(Reçeteler!$A$5:$A$400,$A19,Reçeteler!$M$5:$M$400,"Var")>0,"Var",IF(COUNTIFS(Reçeteler!$A$5:$A$400,$A19,Reçeteler!$M$5:$M$400,"Bilinmiyor")>0,"Bilinmiyor",IF(COUNTIFS(Reçeteler!$A$5:$A$400,$A19,Reçeteler!$M$5:$M$400,"Eser")>0,"Eser","Yok"))))) | M19: =IF($A19="","",IF(COUNTIF(Reçeteler!$A$5:$A$400,$A19)=0,"Bilinmiyor",IF(COUNTIFS(Reçeteler!$A$5:$A$400,$A19,Reçeteler!$N$5:$N$400,"Var")>0,"Var",IF(COUNTIFS(Reçeteler!$A$5:$A$400,$A19,Reçeteler!$N$5:$N$400,"Bilinmiyor")>0,"Bilinmiyor",IF(COUNTIFS(Reçeteler!$A$5:$A$400,$A19,Reçeteler!$N$5:$N$400,"Eser")>0,"Eser","Yok"))))) | N19: =IF($A19="","",IF(COUNTIF(Reçeteler!$A$5:$A$400,$A19)=0,"Bilinmiyor",IF(COUNTIFS(Reçeteler!$A$5:$A$400,$A19,Reçeteler!$O$5:$O$400,"Var")>0,"Var",IF(COUNTIFS(Reçeteler!$A$5:$A$400,$A19,Reçeteler!$O$5:$O$400,"Bilinmiyor")>0,"Bilinmiyor",IF(COUNTIFS(Reçeteler!$A$5:$A$400,$A19,Reçeteler!$O$5:$O$400,"Eser")>0,"Eser","Yok"))))) | O19: =IF($A19="","",IF(COUNTIF(Reçeteler!$A$5:$A$400,$A19)=0,"Bilinmiyor",IF(COUNTIFS(Reçeteler!$A$5:$A$400,$A19,Reçeteler!$P$5:$P$400,"Var")>0,"Var",IF(COUNTIFS(Reçeteler!$A$5:$A$400,$A19,Reçeteler!$P$5:$P$400,"Bilinmiyor")>0,"Bilinmiyor",IF(COUNTIFS(Reçeteler!$A$5:$A$400,$A19,Reçeteler!$P$5:$P$400,"Eser")>0,"Eser","Yok"))))) | P19: =IF($A19="","",COUNTIF(Reçeteler!$A$5:$A$400,$A19)) | Q19: =IF($A19="","",IF(P19=0,"Reçete girilmedi",IF(COUNTIF(B19:O19,"Bilinmiyor")>0,"Eksik kontrol","Hazır")))
... B80: =IF($A80="","",IF(COUNTIF(Reçeteler!$A$5:$A$400,$A80)=0,"Bilinmiyor",IF(COUNTIFS(Reçeteler!$A$5:$A$400,$A80,Reçeteler!$C$5:$C$400,"Var")>0,"Var",IF(COUNTIFS(Reçeteler!$A$5:$A$400,$A80,Reçeteler!$C$5:$C$400,"Bilinmiyor")>0,"Bilinmiyor",IF(COUNTIFS(Reçeteler!$A$5:$A$400,$A80,Reçeteler!$C$5:$C$400,"Eser")>0,"Eser","Yok"))))) | C80: =IF($A80="","",IF(COUNTIF(Reçeteler!$A$5:$A$400,$A80)=0,"Bilinmiyor",IF(COUNTIFS(Reçeteler!$A$5:$A$400,$A80,Reçeteler!$D$5:$D$400,"Var")>0,"Var",IF(COUNTIFS(Reçeteler!$A$5:$A$400,$A80,Reçeteler!$D$5:$D$400,"Bilinmiyor")>0,"Bilinmiyor",IF(COUNTIFS(Reçeteler!$A$5:$A$400,$A80,Reçeteler!$D$5:$D$400,"Eser")>0,"Eser","Yok"))))) | D80: =IF($A80="","",IF(COUNTIF(Reçeteler!$A$5:$A$400,$A80)=0,"Bilinmiyor",IF(COUNTIFS(Reçeteler!$A$5:$A$400,$A80,Reçeteler!$E$5:$E$400,"Var")>0,"Var",IF(COUNTIFS(Reçeteler!$A$5:$A$400,$A80,Reçeteler!$E$5:$E$400,"Bilinmiyor")>0,"Bilinmiyor",IF(COUNTIFS(Reçeteler!$A$5:$A$400,$A80,Reçeteler!$E$5:$E$400,"Eser")>0,"Eser","Yok"))))) | E80: =IF($A80="","",IF(COUNTIF(Reçeteler!$A$5:$A$400,$A80)=0,"Bilinmiyor",IF(COUNTIFS(Reçeteler!$A$5:$A$400,$A80,Reçeteler!$F$5:$F$400,"Var")>0,"Var",IF(COUNTIFS(Reçeteler!$A$5:$A$400,$A80,Reçeteler!$F$5:$F$400,"Bilinmiyor")>0,"Bilinmiyor",IF(COUNTIFS(Reçeteler!$A$5:$A$400,$A80,Reçeteler!$F$5:$F$400,"Eser")>0,"Eser","Yok"))))) | F80: =IF($A80="","",IF(COUNTIF(Reçeteler!$A$5:$A$400,$A80)=0,"Bilinmiyor",IF(COUNTIFS(Reçeteler!$A$5:$A$400,$A80,Reçeteler!$G$5:$G$400,"Var")>0,"Var",IF(COUNTIFS(Reçeteler!$A$5:$A$400,$A80,Reçeteler!$G$5:$G$400,"Bilinmiyor")>0,"Bilinmiyor",IF(COUNTIFS(Reçeteler!$A$5:$A$400,$A80,Reçeteler!$G$5:$G$400,"Eser")>0,"Eser","Yok"))))) | G80: =IF($A80="","",IF(COUNTIF(Reçeteler!$A$5:$A$400,$A80)=0,"Bilinmiyor",IF(COUNTIFS(Reçeteler!$A$5:$A$400,$A80,Reçeteler!$H$5:$H$400,"Var")>0,"Var",IF(COUNTIFS(Reçeteler!$A$5:$A$400,$A80,Reçeteler!$H$5:$H$400,"Bilinmiyor")>0,"Bilinmiyor",IF(COUNTIFS(Reçeteler!$A$5:$A$400,$A80,Reçeteler!$H$5:$H$400,"Eser")>0,"Eser","Yok"))))) | H80: =IF($A80="","",IF(COUNTIF(Reçeteler!$A$5:$A$400,$A80)=0,"Bilinmiyor",IF(COUNTIFS(Reçeteler!$A$5:$A$400,$A80,Reçeteler!$I$5:$I$400,"Var")>0,"Var",IF(COUNTIFS(Reçeteler!$A$5:$A$400,$A80,Reçeteler!$I$5:$I$400,"Bilinmiyor")>0,"Bilinmiyor",IF(COUNTIFS(Reçeteler!$A$5:$A$400,$A80,Reçeteler!$I$5:$I$400,"Eser")>0,"Eser","Yok"))))) | I80: =IF($A80="","",IF(COUNTIF(Reçeteler!$A$5:$A$400,$A80)=0,"Bilinmiyor",IF(COUNTIFS(Reçeteler!$A$5:$A$400,$A80,Reçeteler!$J$5:$J$400,"Var")>0,"Var",IF(COUNTIFS(Reçeteler!$A$5:$A$400,$A80,Reçeteler!$J$5:$J$400,"Bilinmiyor")>0,"Bilinmiyor",IF(COUNTIFS(Reçeteler!$A$5:$A$400,$A80,Reçeteler!$J$5:$J$400,"Eser")>0,"Eser","Yok"))))) | J80: =IF($A80="","",IF(COUNTIF(Reçeteler!$A$5:$A$400,$A80)=0,"Bilinmiyor",IF(COUNTIFS(Reçeteler!$A$5:$A$400,$A80,Reçeteler!$K$5:$K$400,"Var")>0,"Var",IF(COUNTIFS(Reçeteler!$A$5:$A$400,$A80,Reçeteler!$K$5:$K$400,"Bilinmiyor")>0,"Bilinmiyor",IF(COUNTIFS(Reçeteler!$A$5:$A$400,$A80,Reçeteler!$K$5:$K$400,"Eser")>0,"Eser","Yok"))))) | K80: =IF($A80="","",IF(COUNTIF(Reçeteler!$A$5:$A$400,$A80)=0,"Bilinmiyor",IF(COUNTIFS(Reçeteler!$A$5:$A$400,$A80,Reçeteler!$L$5:$L$400,"Var")>0,"Var",IF(COUNTIFS(Reçeteler!$A$5:$A$400,$A80,Reçeteler!$L$5:$L$400,"Bilinmiyor")>0,"Bilinmiyor",IF(COUNTIFS(Reçeteler!$A$5:$A$400,$A80,Reçeteler!$L$5:$L$400,"Eser")>0,"Eser","Yok"))))) | L80: =IF($A80="","",IF(COUNTIF(Reçeteler!$A$5:$A$400,$A80)=0,"Bilinmiyor",IF(COUNTIFS(Reçeteler!$A$5:$A$400,$A80,Reçeteler!$M$5:$M$400,"Var")>0,"Var",IF(COUNTIFS(Reçeteler!$A$5:$A$400,$A80,Reçeteler!$M$5:$M$400,"Bilinmiyor")>0,"Bilinmiyor",IF(COUNTIFS(Reçeteler!$A$5:$A$400,$A80,Reçeteler!$M$5:$M$400,"Eser")>0,"Eser","Yok"))))) | M80: =IF($A80="","",IF(COUNTIF(Reçeteler!$A$5:$A$400,$A80)=0,"Bilinmiyor",IF(COUNTIFS(Reçeteler!$A$5:$A$400,$A80,Reçeteler!$N$5:$N$400,"Var")>0,"Var",IF(COUNTIFS(Reçeteler!$A$5:$A$400,$A80,Reçeteler!$N$5:$N$400,"Bilinmiyor")>0,"Bilinmiyor",IF(COUNTIFS(Reçeteler!$A$5:$A$400,$A80,Reçeteler!$N$5:$N$400,"Eser")>0,"Eser","Yok"))))) | N80: =IF($A80="","",IF(COUNTIF(Reçeteler!$A$5:$A$400,$A80)=0,"Bilinmiyor",IF(COUNTIFS(Reçeteler!$A$5:$A$400,$A80,Reçeteler!$O$5:$O$400,"Var")>0,"Var",IF(COUNTIFS(Reçeteler!$A$5:$A$400,$A80,Reçeteler!$O$5:$O$400,"Bilinmiyor")>0,"Bilinmiyor",IF(COUNTIFS(Reçeteler!$A$5:$A$400,$A80,Reçeteler!$O$5:$O$400,"Eser")>0,"Eser","Yok"))))) | O80: =IF($A80="","",IF(COUNTIF(Reçeteler!$A$5:$A$400,$A80)=0,"Bilinmiyor",IF(COUNTIFS(Reçeteler!$A$5:$A$400,$A80,Reçeteler!$P$5:$P$400,"Var")>0,"Var",IF(COUNTIFS(Reçeteler!$A$5:$A$400,$A80,Reçeteler!$P$5:$P$400,"Bilinmiyor")>0,"Bilinmiyor",IF(COUNTIFS(Reçeteler!$A$5:$A$400,$A80,Reçeteler!$P$5:$P$400,"Eser")>0,"Eser","Yok"))))) | P80: =IF($A80="","",COUNTIF(Reçeteler!$A$5:$A$400,$A80)) | Q80: =IF($A80="","",IF(P80=0,"Reçete girilmedi",IF(COUNTIF(B80:O80,"Bilinmiyor")>0,"Eksik kontrol","Hazır")))
A82: Onaylayan (ad soyad):
A83: Onay tarihi:
A84: İmza:

Sheet Mutfak Kontrolü
A1: Mutfak / Çapraz Bulaşma Kontrolü
A2: "Evet" cevapları, ilgili ürünlerde alerjenin "Eser" olarak işaretlenmesi gerektiğini gösterebilir. Etkilenen ürünleri Not sütununa yazın.
A4: Soru | B4: Cevap | C4: Etkilenen ürünler / Not
A5: Kaplamalı (gluten içeren) ürünlerle kaplamasız ürünler (ör. patates) AYNI fritözde mi kızarıyor?
A6: Nugget / soğan halkası gibi hazır ürünler patatesle aynı yağda mı kızarıyor?
A7: Kızartma yağında yer fıstığı yağı ya da rafine olmayan soya yağı kullanılıyor mu? (Yağın türünü nota yazın)
A8: Susamlı ekmek ile susamsız ekmek aynı tezgahta / tost makinesinde mi ısıtılıyor?
A9: Soslar ortak kaşık / pompa ile mi servis ediliyor?
A10: Kaplama unu bulaşan yüzeyler ve eldivenler her üründen sonra değiştiriliyor mu?
A11: Alerjisi olan müşterinin siparişi için ayrı bir hazırlama prosedürü var mı?
A12: Tedarikçi, ürün içeriği değişince haber veriyor mu? (Sözleşme / yazılı taahhüt var mı?)
A13: Personel alerjen konusunda bilgilendirildi mi? (Tarihi nota yazın)
A14: Menüde yer fıstığı veya sert kabuklu içeren bir ürün var mı? Varsa aynı ekipmanda mı hazırlanıyor?

Sheet Etiket Sözlüğü
A1: Etiket Sözlüğü: Hangi kelime hangi alerjen?
A2: Kaynak: Türk Gıda Kodeksi Gıda Etiketleme ve Tüketicileri Bilgilendirme Yönetmeliği (RG 26.01.2017/29960), Ek-1. Kelime listeleri yol göstericidir, tam liste değildir.
A4: # | B4: Alerjen | C4: Etikette şu kelimelere bakın | D4: Burger dükkanında sık saklandığı yerler
A5: 1 | B5: Gluten | C5: buğday, un, irmik, bulgur, galeta, panko, arpa, malt, çavdar, yulaf, kavuzlu buğday (spelt), kepek, buğday nişastası, gluten | D5: ekmek, kaplama, nugget, soslar (kıvam için), baharat karışımları, soya sosu, bira
A6: 2 | B6: Kabuklular | C6: karides, yengeç, ıstakoz, kerevit | D6: Asya sosları, deniz ürünü aromaları
A7: 3 | B7: Yumurta | C7: yumurta, yumurta tozu, yumurta akı/sarısı, albümin, lizozim (E1105) | D7: mayonez ve mayonez bazlı tüm soslar, brioche, sıvı kaplama, tatlılar
A8: 4 | B8: Balık | C8: balık, ançüez / hamsi, balık sosu, Worcestershire sos | D8: barbekü sos, Sezar sos
A9: 5 | B9: Yer fıstığı | C9: yer fıstığı, fıstık ezmesi, yer fıstığı yağı | D9: kızartma yağı (fıstık yağıysa), Asya sosları, tatlılar, çikolata
A10: 6 | B10: Soya | C10: soya, soya unu, soya proteini, soya lesitini (E322, kaynağı soya ise), soya sosu | D10: ekmek, nugget, kaplama, margarin, çikolata, soslar
A11: 7 | B11: Süt | C11: süt, süt tozu, peynir altı suyu (whey), laktoz, kazein / kazeinat, tereyağı, krema, yoğurt, peynir | D11: kaplama, soslar, ekmek, patates baharatı, ayran, milkshake, tatlı
A12: 8 | B12: Sert kabuklu | C12: badem, fındık, ceviz, kaju, Antep fıstığı, pikan, Brezilya cevizi, makadamya | D12: tatlılar, milkshake süsleri, bazı soslar (pesto)
A13: 9 | B13: Kereviz | C13: kereviz, kereviz tohumu, kereviz tuzu, kereviz sapı/kökü | D13: baharat karışımları, ketçap, bulyon, marinasyon, hazır soslar
A14: 10 | B14: Hardal | C14: hardal, hardal tohumu, hardal unu | D14: mayonez, burger sosu, turşu, marinasyon, salata sosları, baharat
A15: 11 | B15: Susam | C15: susam, tahin, susam yağı | D15: burger ekmeği (üstü), soslar, Asya sosları
A16: 12 | B16: Sülfit | C16: kükürt dioksit, sülfit, bisülfit, metabisülfit, E220, E221, E222, E223, E224, E226, E227, E228 | D16: turşu, jalapeño, sirkeli soslar, limon suyu konsantresi, hazır içecekler, bazı dondurulmuş patatesler
... A18: 14 | B18: Yumuşakçalar | C18: kalamar, ahtapot, midye, istiridye, salyangoz, istiridye sosu | D18: Asya sosları
B20: ETİKET OKUMA İPUÇLARI
B21: • "İçerebilir", "eser miktarda içerebilir" veya "aynı tesiste üretilmektedir" ifadeleri → Eser
B22: • Alerjenler içindekiler listesinde genelde KALIN, altı çizili ya da farklı renkte yazılır.
B23: • "Aroma", "baharat", "bitkisel protein" gibi genel ifadeler varsa tedarikçiye sorun, yazılı cevap alın.
B24: • Yasal istisnalar (alerjen sayılmaz): tam rafine soya yağı, buğday bazlı glukoz şurubu ve maltodekstrin, arpa bazlı glukoz şurubu.
